ts,utm_y,utm_x
3/21/2024 12:06:00,179540.253,687443.731
3/21/2024 12:06:01,179540.318,687442.705
3/21/2024 12:06:02,179540.405,687441.658
3/21/2024 12:06:03,179540.543,687440.617
3/21/2024 12:06:04,179540.641,687439.595
3/21/2024 12:06:05,179540.734,687438.551
3/21/2024 12:06:06,179540.907,687437.601
3/21/2024 12:06:07,179540.672,687436.16
3/21/2024 12:06:08,179540.719,687435.028
3/21/2024 12:06:09,179540.649,687433.892
3/21/2024 12:06:10,179540.803,687432.567
3/21/2024 12:06:11,179540.762,687431.152
3/21/2024 12:06:12,179541.147,687430.715
3/21/2024 12:06:13,179541.02,687429.718
3/21/2024 12:06:14,179541.139,687428.731
3/21/2024 12:06:15,179541.109,687427.676
3/21/2024 12:06:16,179540.951,687426.35
3/21/2024 12:06:17,179540.976,687425.424
3/21/2024 12:06:18,179541.229,687425.12
3/21/2024 12:06:19,179541.265,687424.392
3/21/2024 12:06:20,179541.444,687423.813
3/21/2024 12:06:21,179541.419,687423.187
3/21/2024 12:06:22,179541.413,687422.473
3/21/2024 12:06:23,179541.524,687421.612
3/21/2024 12:06:24,179540.977,687420.617
3/21/2024 12:06:25,179541.545,687420.804
3/21/2024 12:06:26,179541.584,687419.659
3/21/2024 12:06:27,179541.944,687419.533
3/21/2024 12:06:28,179541.849,687419.004
3/21/2024 12:06:29,179542.08,687418.321
3/21/2024 12:06:30,179542.073,687417.601
3/21/2024 12:06:31,179542.191,687416.888
3/21/2024 12:06:32,179542.392,687417.11
3/21/2024 12:06:33,179542.444,687416.412
3/21/2024 12:06:34,179542.296,687415.395
3/21/2024 12:06:35,179542.461,687415.052
3/21/2024 12:06:36,179542.69,687415.433
3/21/2024 12:06:37,179542.811,687414.831
3/21/2024 12:06:38,179542.857,687414.419
3/21/2024 12:06:39,179542.884,687413.916
3/21/2024 12:06:40,179542.819,687413.444
3/21/2024 12:06:41,179542.826,687412.971
3/21/2024 12:06:42,179542.796,687412.6
3/21/2024 12:06:43,179542.751,687412.094
3/21/2024 12:06:44,179542.844,687411.617
3/21/2024 12:06:45,179542.902,687411.048
3/21/2024 12:06:46,179543.192,687410.613
3/21/2024 12:06:47,179543.035,687409.887
3/21/2024 12:06:48,179542.869,687409.346
3/21/2024 12:06:49,179542.804,687408.686
3/21/2024 12:06:50,179542.765,687408.137
3/21/2024 12:06:51,179542.749,687407.764
3/21/2024 12:06:52,179542.695,687407.053
3/21/2024 12:06:53,179542.773,687406.649
3/21/2024 12:06:54,179542.664,687406.282
3/21/2024 12:06:55,179542.613,687405.764
3/21/2024 12:06:56,179542.575,687405.47
3/21/2024 12:06:57,179542.56,687404.816
3/21/2024 12:06:58,179542.575,687404.424
3/21/2024 12:06:59,179542.577,687404.027
3/21/2024 12:07:00,179542.577,687403.622
3/21/2024 12:07:01,179542.498,687403.323
3/21/2024 12:07:02,179542.549,687403.008
3/21/2024 12:07:03,179542.5,687402.591
3/21/2024 12:07:04,179542.47,687402.214
3/21/2024 12:07:05,179542.455,687401.994
3/21/2024 12:07:06,179542.531,687401.659
3/21/2024 12:07:07,179542.693,687401.332
3/21/2024 12:07:08,179542.543,687401.036
3/21/2024 12:07:09,179542.522,687400.867
3/21/2024 12:07:10,179542.475,687400.574
3/21/2024 12:07:11,179542.162,687399.852
3/21/2024 12:07:12,179542.387,687400.043
3/21/2024 12:07:13,179542.009,687399.501
3/21/2024 12:07:14,179541.925,687399.575
3/21/2024 12:07:15,179541.902,687399.503
3/21/2024 12:07:16,179542.004,687399.969
3/21/2024 12:07:17,179541.703,687399.513
3/21/2024 12:07:18,179541.714,687399.379
3/21/2024 12:07:19,179541.585,687399.242
3/21/2024 12:07:20,179541.878,687399.854
3/21/2024 12:07:21,179541.462,687399.261
3/21/2024 12:07:22,179541.353,687399.127
3/21/2024 12:07:23,179541.433,687399.13
3/21/2024 12:07:24,179541.602,687399.541
3/21/2024 12:07:25,179541.498,687399.553
3/21/2024 12:07:26,179541.528,687399.47
3/21/2024 12:07:27,179541.355,687399.396
3/21/2024 12:07:28,179541.321,687399.4
3/21/2024 12:07:29,179541.213,687399.504
3/21/2024 12:07:30,179541.171,687399.726
3/21/2024 12:07:31,179541.066,687399.908
3/21/2024 12:07:32,179540.917,687400.089
3/21/2024 12:07:33,179540.894,687400.243
3/21/2024 12:07:34,179540.75,687400.49
3/21/2024 12:07:35,179540.935,687400.691
3/21/2024 12:07:36,179540.532,687400.409
3/21/2024 12:07:37,179540.778,687401.04
3/21/2024 12:07:38,179540.519,687401.034
3/21/2024 12:07:39,179540.348,687401.23
3/21/2024 12:07:40,179540.401,687401.488
3/21/2024 12:07:41,179540.586,687402.177
3/21/2024 12:07:42,179540.535,687402.371
3/21/2024 12:07:43,179540.405,687402.516
3/21/2024 12:07:44,179540.22,687402.662
3/21/2024 12:07:45,179539.948,687402.783
3/21/2024 12:07:46,179539.559,687402.968
3/21/2024 12:07:47,179539.124,687403.165
3/21/2024 12:07:48,179538.756,687403.348
3/21/2024 12:07:49,179538.445,687403.571
3/21/2024 12:07:50,179538.143,687403.78
3/21/2024 12:07:51,179537.846,687403.988
3/21/2024 12:07:52,179537.487,687404.187
3/21/2024 12:07:53,179537.259,687404.473
3/21/2024 12:07:54,179536.99,687404.704
3/21/2024 12:07:55,179536.695,687404.86
3/21/2024 12:07:56,179536.406,687405.119
3/21/2024 12:07:57,179536.171,687405.409
3/21/2024 12:07:58,179535.824,687405.789
3/21/2024 12:07:59,179535.544,687406.142
3/21/2024 12:08:00,179535.3,687406.652
3/21/2024 12:08:01,179535.127,687407.224
3/21/2024 12:08:02,179534.862,687407.818
3/21/2024 12:08:03,179534.707,687408.411
3/21/2024 12:08:04,179534.573,687408.994
3/21/2024 12:08:05,179534.507,687409.744
3/21/2024 12:08:06,179534.465,687410.495
3/21/2024 12:08:07,179534.406,687411.105
3/21/2024 12:08:08,179534.436,687411.6
3/21/2024 12:08:09,179534.483,687412.383
3/21/2024 12:08:10,179534.436,687412.984
3/21/2024 12:08:11,179534.526,687413.625
3/21/2024 12:08:12,179534.603,687414.225
3/21/2024 12:08:13,179534.674,687414.87
3/21/2024 12:08:14,179534.693,687415.465
3/21/2024 12:08:15,179534.796,687416.109
3/21/2024 12:08:16,179534.831,687416.737
3/21/2024 12:08:17,179534.984,687417.531
3/21/2024 12:08:18,179535.095,687418.277
3/21/2024 12:08:19,179535.218,687418.959
3/21/2024 12:08:20,179535.408,687419.676
3/21/2024 12:08:21,179535.502,687420.352
3/21/2024 12:08:22,179535.632,687421.102
3/21/2024 12:08:23,179535.513,687422.084
3/21/2024 12:08:24,179535.656,687422.504
3/21/2024 12:08:25,179535.84,687423.146
3/21/2024 12:08:26,179535.946,687423.711
3/21/2024 12:08:27,179536.063,687424.28
3/21/2024 12:08:28,179536.075,687424.751
3/21/2024 12:08:29,179536.384,687425.372
3/21/2024 12:08:30,179536.512,687425.93
3/21/2024 12:08:31,179536.398,687426.29
3/21/2024 12:08:32,179536.653,687426.797
3/21/2024 12:08:33,179536.672,687427.257
3/21/2024 12:08:34,179536.685,687427.742
3/21/2024 12:08:35,179536.82,687428.323
3/21/2024 12:08:36,179536.906,687428.921
3/21/2024 12:08:37,179537.122,687429.703
3/21/2024 12:08:38,179537.13,687430.164
3/21/2024 12:08:39,179537.373,687430.915
3/21/2024 12:08:40,179537.549,687431.563
3/21/2024 12:08:41,179537.696,687432.399
3/21/2024 12:08:42,179538.013,687433.283
3/21/2024 12:08:43,179538.116,687434.022
3/21/2024 12:08:44,179538.572,687435.153
3/21/2024 12:08:45,179538.765,687435.749
3/21/2024 12:08:46,179539.031,687436.509
3/21/2024 12:08:47,179539.248,687437.387
3/21/2024 12:08:48,179539.345,687438.199
3/21/2024 12:08:49,179539.711,687439.033
3/21/2024 12:08:50,179539.683,687439.757
3/21/2024 12:08:51,179540.025,687440.441
3/21/2024 12:08:52,179540.115,687441.053
3/21/2024 12:08:53,179540.273,687441.739
3/21/2024 12:08:54,179540.468,687442.389
3/21/2024 12:08:55,179540.555,687442.805
3/21/2024 12:08:56,179540.651,687443.528
3/21/2024 12:08:57,179540.916,687444.334
3/21/2024 12:08:58,179540.891,687444.755
3/21/2024 12:08:59,179540.908,687445.172
3/21/2024 12:09:00,179541.03,687445.727
3/21/2024 12:09:01,179541.115,687446.293
3/21/2024 12:09:02,179541.238,687446.954
3/21/2024 12:09:03,179541.32,687447.66
3/21/2024 12:09:04,179541.443,687448.502
3/21/2024 12:09:05,179541.535,687449.028
3/21/2024 12:09:06,179541.623,687449.697
3/21/2024 12:09:07,179541.68,687450.365
3/21/2024 12:09:08,179541.757,687451.069
3/21/2024 12:09:09,179541.864,687451.794
3/21/2024 12:09:10,179541.927,687452.504
3/21/2024 12:09:11,179541.991,687453.311
3/21/2024 12:09:12,179542.083,687454.173
3/21/2024 12:09:13,179542.135,687455.018
3/21/2024 12:09:14,179542.185,687455.838
3/21/2024 12:09:15,179542.238,687456.598
3/21/2024 12:09:16,179542.273,687457.365
3/21/2024 12:09:17,179542.294,687458.102
3/21/2024 12:09:18,179542.316,687458.828
3/21/2024 12:09:19,179542.34,687459.55
3/21/2024 12:09:20,179542.422,687460.253
3/21/2024 12:09:21,179542.446,687460.954
3/21/2024 12:09:22,179542.46,687461.707
3/21/2024 12:09:23,179542.434,687462.375
3/21/2024 12:09:24,179542.401,687463.075
3/21/2024 12:09:25,179542.305,687463.816
3/21/2024 12:09:26,179542.189,687464.601
3/21/2024 12:09:27,179542.052,687465.476
3/21/2024 12:09:28,179541.814,687466.307
3/21/2024 12:09:29,179541.577,687467.156
3/21/2024 12:09:30,179541.267,687468.04
3/21/2024 12:09:31,179541.023,687468.981
3/21/2024 12:09:32,179540.573,687469.829
3/21/2024 12:09:33,179540.179,687470.771
3/21/2024 12:09:34,179539.92,687471.763
3/21/2024 12:09:35,179539.568,687472.643
3/21/2024 12:09:36,179539.176,687473.46
3/21/2024 12:09:37,179539.066,687474.035
3/21/2024 12:09:38,179538.633,687474.983
3/21/2024 12:09:39,179538.265,687475.77
3/21/2024 12:09:40,179537.925,687476.52
3/21/2024 12:09:41,179537.618,687477.274
3/21/2024 12:09:42,179537.316,687477.914
3/21/2024 12:09:43,179536.998,687478.562
3/21/2024 12:09:44,179536.673,687479.328
3/21/2024 12:09:45,179536.266,687479.909
3/21/2024 12:09:46,179535.989,687480.617
3/21/2024 12:09:47,179535.577,687481.33
3/21/2024 12:09:48,179535.237,687482.085
3/21/2024 12:09:49,179534.731,687482.828
3/21/2024 12:09:50,179534.293,687483.882
3/21/2024 12:09:51,179533.906,687484.555
3/21/2024 12:09:52,179533.455,687485.299
3/21/2024 12:09:53,179533.117,687486.052
3/21/2024 12:09:54,179532.716,687486.758
3/21/2024 12:09:55,179532.352,687487.525
3/21/2024 12:09:56,179531.965,687488.192
3/21/2024 12:09:57,179531.64,687488.987
3/21/2024 12:09:58,179531.276,687489.534
3/21/2024 12:09:59,179530.919,687490.293
3/21/2024 12:10:00,179530.514,687491.036
3/21/2024 12:10:01,179530.131,687491.875
3/21/2024 12:10:02,179529.751,687492.798
3/21/2024 12:10:03,179529.374,687493.746
3/21/2024 12:10:04,179529.046,687494.678
3/21/2024 12:10:05,179528.758,687495.595
3/21/2024 12:10:06,179528.512,687496.575
3/21/2024 12:10:07,179528.308,687497.4
3/21/2024 12:10:08,179528.201,687498.312
3/21/2024 12:10:09,179528.012,687499.235
3/21/2024 12:10:10,179527.945,687500.201
3/21/2024 12:10:11,179527.903,687501.123
3/21/2024 12:10:12,179527.845,687502.101
3/21/2024 12:10:13,179527.815,687502.962
3/21/2024 12:10:14,179527.763,687503.888
3/21/2024 12:10:15,179527.714,687504.809
3/21/2024 12:10:16,179527.735,687505.891
3/21/2024 12:10:17,179527.895,687506.767
3/21/2024 12:10:18,179528.006,687507.781
3/21/2024 12:10:19,179528.176,687508.758
3/21/2024 12:10:20,179528.276,687509.661
3/21/2024 12:10:21,179528.469,687510.484
3/21/2024 12:10:22,179528.593,687511.381
3/21/2024 12:10:23,179528.723,687512.184
3/21/2024 12:10:24,179528.818,687512.918
3/21/2024 12:10:25,179528.924,687513.628
3/21/2024 12:10:26,179528.997,687514.297
3/21/2024 12:10:27,179529.073,687514.915
3/21/2024 12:10:28,179529.125,687515.522
3/21/2024 12:10:29,179529.12,687516.141
3/21/2024 12:10:30,179529.234,687516.755
3/21/2024 12:10:31,179529.368,687517.445
3/21/2024 12:10:32,179529.607,687518.108
3/21/2024 12:10:33,179529.892,687518.749
3/21/2024 12:10:34,179530.158,687519.437
3/21/2024 12:10:35,179530.5,687520.049
3/21/2024 12:10:36,179530.889,687520.565
3/21/2024 12:10:37,179531.302,687521.024
3/21/2024 12:10:38,179531.746,687521.351
3/21/2024 12:10:39,179532.146,687521.638
3/21/2024 12:10:40,179532.482,687521.804
3/21/2024 12:10:41,179532.703,687521.962
3/21/2024 12:10:42,179532.835,687522.128
3/21/2024 12:10:43,179532.967,687522.353
3/21/2024 12:10:44,179532.956,687522.478
3/21/2024 12:10:45,179532.889,687522.769
3/21/2024 12:10:46,179532.866,687522.828
3/21/2024 12:10:47,179532.911,687522.885
3/21/2024 12:10:48,179532.898,687522.79
3/21/2024 12:10:49,179532.872,687522.715
3/21/2024 12:10:50,179532.891,687522.715
3/21/2024 12:10:51,179532.927,687522.63
3/21/2024 12:10:52,179532.882,687522.599
3/21/2024 12:10:53,179532.906,687522.542
3/21/2024 12:10:54,179532.96,687522.344
3/21/2024 12:10:55,179533.025,687521.931
3/21/2024 12:10:56,179533.146,687521.409
3/21/2024 12:10:57,179533.278,687520.873
3/21/2024 12:10:58,179533.412,687520.138
3/21/2024 12:10:59,179533.57,687519.409
3/21/2024 12:11:00,179533.866,687518.531
3/21/2024 12:11:01,179534.096,687517.687
3/21/2024 12:11:02,179534.285,687516.829
3/21/2024 12:11:03,179534.491,687515.881
3/21/2024 12:11:04,179534.62,687515.072
3/21/2024 12:11:05,179534.81,687514.435
3/21/2024 12:11:06,179534.862,687513.803
3/21/2024 12:11:07,179534.788,687513.434
3/21/2024 12:11:08,179535.081,687512.395
3/21/2024 12:11:09,179534.911,687511.921
3/21/2024 12:11:10,179535.044,687511.245
3/21/2024 12:11:11,179535.087,687510.794
3/21/2024 12:11:12,179535.384,687510.222
3/21/2024 12:11:13,179535.341,687509.126
3/21/2024 12:11:14,179535.286,687508.393
3/21/2024 12:11:15,179535.353,687507.977
3/21/2024 12:11:16,179535.344,687507.354
3/21/2024 12:11:17,179535.698,687506.814
3/21/2024 12:11:18,179535.641,687506.049
3/21/2024 12:11:19,179535.619,687505.274
3/21/2024 12:11:20,179535.571,687504.726
3/21/2024 12:11:21,179536.064,687504.574
3/21/2024 12:11:22,179536.188,687503.99
3/21/2024 12:11:23,179536.214,687503.634
3/21/2024 12:11:24,179536.098,687503.13
3/21/2024 12:11:25,179536.062,687502.694
3/21/2024 12:11:26,179536.12,687502.21
3/21/2024 12:11:27,179536.379,687501.662
3/21/2024 12:11:28,179536.464,687501.212
3/21/2024 12:11:29,179536.59,687500.587
3/21/2024 12:11:30,179536.647,687500.26
3/21/2024 12:11:31,179536.646,687499.612
3/21/2024 12:11:32,179536.694,687499.191
3/21/2024 12:11:33,179536.862,687498.579
3/21/2024 12:11:34,179536.824,687498.123
3/21/2024 12:11:35,179536.829,687497.698
3/21/2024 12:11:36,179536.931,687497.119
3/21/2024 12:11:37,179537.021,687496.422
3/21/2024 12:11:38,179537.069,687495.814
3/21/2024 12:11:39,179537.213,687495.297
3/21/2024 12:11:40,179537.285,687494.772
3/21/2024 12:11:41,179537.537,687494.352
3/21/2024 12:11:42,179537.51,687493.688
3/21/2024 12:11:43,179537.471,687493.52
3/21/2024 12:11:44,179537.635,687493.117
3/21/2024 12:11:45,179537.725,687492.557
3/21/2024 12:11:46,179538.073,687491.823
3/21/2024 12:11:47,179538.075,687491.048
3/21/2024 12:11:48,179538.093,687489.995
3/21/2024 12:11:49,179538.107,687489.616
3/21/2024 12:11:50,179538.025,687488.46
3/21/2024 12:11:51,179538.07,687487.898
3/21/2024 12:11:52,179538.604,687487.599
3/21/2024 12:11:53,179538.815,687487.24
3/21/2024 12:11:54,179538.841,687486.484
3/21/2024 12:11:55,179538.975,687486.038
3/21/2024 12:11:56,179539.15,687485.468
3/21/2024 12:11:57,179539.342,687484.964
3/21/2024 12:11:58,179539.536,687484.422
3/21/2024 12:11:59,179539.741,687483.873
3/21/2024 12:12:00,179539.959,687483.329
3/21/2024 12:12:01,179540.214,687482.753
3/21/2024 12:12:02,179540.44,687482.213
3/21/2024 12:12:03,179540.67,687481.635
3/21/2024 12:12:04,179540.924,687481.107
3/21/2024 12:12:05,179541.194,687480.59
3/21/2024 12:12:06,179541.458,687480.116
3/21/2024 12:12:07,179541.568,687479.603
3/21/2024 12:12:08,179542.183,687478.991
3/21/2024 12:12:09,179542.281,687478.342
3/21/2024 12:12:10,179542.589,687477.78
3/21/2024 12:12:11,179542.732,687477.249
3/21/2024 12:12:12,179542.863,687476.679
3/21/2024 12:12:13,179543.126,687476.175
3/21/2024 12:12:14,179543.27,687475.712
3/21/2024 12:12:15,179543.442,687475.242
3/21/2024 12:12:16,179543.681,687474.813
3/21/2024 12:12:17,179543.857,687474.337
3/21/2024 12:12:18,179544.064,687473.858
3/21/2024 12:12:19,179544.266,687473.393
3/21/2024 12:12:20,179544.499,687472.954
3/21/2024 12:12:21,179544.691,687472.407
3/21/2024 12:12:22,179544.713,687471.978
3/21/2024 12:12:23,179544.812,687471.363
3/21/2024 12:12:24,179545.071,687470.972
3/21/2024 12:12:25,179545.213,687470.528
3/21/2024 12:12:26,179545.368,687470.119
3/21/2024 12:12:27,179545.586,687469.611
3/21/2024 12:12:28,179545.79,687469.189
3/21/2024 12:12:29,179545.837,687468.636
3/21/2024 12:12:30,179545.855,687468.174
3/21/2024 12:12:31,179545.977,687467.652
3/21/2024 12:12:32,179546.069,687467.137
3/21/2024 12:12:33,179546.138,687466.61
3/21/2024 12:12:34,179546.199,687466.141
3/21/2024 12:12:35,179546.246,687465.592
3/21/2024 12:12:36,179546.28,687465.019
3/21/2024 12:12:37,179546.313,687464.44
3/21/2024 12:12:38,179546.326,687463.861
3/21/2024 12:12:39,179546.328,687463.242
3/21/2024 12:12:40,179546.316,687462.648
3/21/2024 12:12:41,179546.305,687462.042
3/21/2024 12:12:42,179546.32,687461.451
3/21/2024 12:12:43,179546.317,687460.837
3/21/2024 12:12:44,179546.209,687460.223
3/21/2024 12:12:45,179546.242,687459.6
3/21/2024 12:12:46,179546.204,687458.926
3/21/2024 12:12:47,179546.145,687458.388
3/21/2024 12:12:48,179546.057,687457.611
3/21/2024 12:12:49,179545.862,687456.896
3/21/2024 12:12:50,179545.828,687456.364
3/21/2024 12:12:51,179545.592,687455.809
3/21/2024 12:12:52,179545.418,687455.234
3/21/2024 12:12:53,179545.229,687454.582
3/21/2024 12:12:54,179545.155,687454.004
3/21/2024 12:12:55,179545.041,687453.36
3/21/2024 12:12:56,179544.921,687452.721
3/21/2024 12:12:57,179544.806,687452.068
3/21/2024 12:12:58,179544.716,687451.435
3/21/2024 12:12:59,179544.657,687450.771
3/21/2024 12:13:00,179544.594,687450.12
3/21/2024 12:13:01,179544.559,687449.428
3/21/2024 12:13:02,179544.537,687448.696
3/21/2024 12:13:03,179544.53,687447.945
3/21/2024 12:13:04,179544.547,687447.151
3/21/2024 12:13:05,179544.595,687446.14
3/21/2024 12:13:06,179544.727,687445.002
3/21/2024 12:13:07,179544.862,687443.776
3/21/2024 12:13:08,179545.129,687442.524
3/21/2024 12:13:09,179545.104,687441.32
3/21/2024 12:13:10,179545.236,687440.147
3/21/2024 12:13:11,179545.411,687438.882
3/21/2024 12:13:12,179545.655,687437.782
3/21/2024 12:13:13,179545.856,687436.697
3/21/2024 12:13:14,179545.978,687435.405
3/21/2024 12:13:15,179546.029,687434.263
3/21/2024 12:13:16,179545.994,687433.173
3/21/2024 12:13:17,179545.833,687432.215
3/21/2024 12:13:18,179545.936,687431.232
3/21/2024 12:13:19,179545.784,687430.398
3/21/2024 12:13:20,179545.869,687429.579
3/21/2024 12:13:21,179545.613,687428.628
3/21/2024 12:13:22,179545.522,687427.709
3/21/2024 12:13:23,179545.574,687426.814
3/21/2024 12:13:24,179545.579,687425.923
3/21/2024 12:13:25,179545.557,687425.064
3/21/2024 12:13:26,179545.605,687424.252
3/21/2024 12:13:27,179545.536,687423.444
3/21/2024 12:13:28,179545.588,687422.73
3/21/2024 12:13:29,179545.668,687422.066
3/21/2024 12:13:30,179545.82,687421.17
3/21/2024 12:13:31,179545.849,687420.535
3/21/2024 12:13:32,179545.875,687419.745
3/21/2024 12:13:33,179545.889,687419.088
3/21/2024 12:13:34,179545.827,687418.227
3/21/2024 12:13:35,179545.811,687417.222
3/21/2024 12:13:36,179545.848,687416.367
3/21/2024 12:13:37,179545.852,687415.4
3/21/2024 12:13:38,179545.897,687414.449
3/21/2024 12:13:39,179545.843,687413.368
3/21/2024 12:13:40,179545.849,687412.493
3/21/2024 12:13:41,179545.812,687411.647
3/21/2024 12:13:42,179545.795,687410.814
3/21/2024 12:13:43,179545.763,687410.001
3/21/2024 12:13:44,179545.737,687409.225
3/21/2024 12:13:45,179545.713,687408.514
3/21/2024 12:13:46,179545.686,687407.767
3/21/2024 12:13:47,179545.603,687407.015
3/21/2024 12:13:48,179545.662,687406.117
3/21/2024 12:13:49,179545.444,687405.465
3/21/2024 12:13:50,179545.656,687404.623
3/21/2024 12:13:51,179545.629,687403.9
3/21/2024 12:13:52,179545.62,687403.014
3/21/2024 12:13:53,179545.584,687402.256
3/21/2024 12:13:54,179545.659,687401.602
3/21/2024 12:13:55,179545.706,687400.903
3/21/2024 12:13:56,179545.577,687400.149
3/21/2024 12:13:57,179545.482,687399.396
3/21/2024 12:13:58,179545.575,687398.627
3/21/2024 12:13:59,179545.514,687397.768
3/21/2024 12:14:00,179545.483,687396.961
3/21/2024 12:14:01,179545.481,687396.189
3/21/2024 12:14:02,179545.459,687395.471
3/21/2024 12:14:03,179545.455,687394.789
3/21/2024 12:14:04,179545.413,687394.141
3/21/2024 12:14:05,179545.418,687393.496
3/21/2024 12:14:06,179545.331,687392.882
3/21/2024 12:14:07,179545.32,687392.212
3/21/2024 12:14:08,179545.312,687391.63
3/21/2024 12:14:09,179545.364,687391.132
3/21/2024 12:14:10,179545.39,687390.879
3/21/2024 12:14:11,179545.403,687390.581
3/21/2024 12:14:12,179545.403,687390.366
3/21/2024 12:14:13,179545.304,687390.125
3/21/2024 12:14:14,179545.245,687389.957
3/21/2024 12:14:15,179545.196,687389.715
3/21/2024 12:14:16,179545.281,687389.636
3/21/2024 12:14:17,179545.155,687389.516
3/21/2024 12:14:18,179545.063,687389.457
3/21/2024 12:14:19,179545.013,687389.441
3/21/2024 12:14:20,179544.947,687389.527
3/21/2024 12:14:21,179545.041,687389.59
3/21/2024 12:14:22,179545.014,687389.763
3/21/2024 12:14:23,179544.98,687390.037
3/21/2024 12:14:24,179544.933,687390.407
3/21/2024 12:14:25,179544.873,687390.801
3/21/2024 12:14:26,179544.841,687391.12
3/21/2024 12:14:27,179544.777,687391.399
3/21/2024 12:14:28,179544.708,687391.653
3/21/2024 12:14:29,179544.638,687391.863
3/21/2024 12:14:30,179544.573,687392.043
3/21/2024 12:14:31,179544.511,687392.213
3/21/2024 12:14:32,179544.441,687392.34
3/21/2024 12:14:33,179544.34,687392.543
3/21/2024 12:14:34,179544.38,687392.644
3/21/2024 12:14:35,179544.298,687392.834
3/21/2024 12:14:36,179544.367,687393.005
3/21/2024 12:14:37,179544.37,687393.233
3/21/2024 12:14:38,179544.309,687393.435
3/21/2024 12:14:39,179544.378,687393.621
3/21/2024 12:14:40,179544.315,687393.859
3/21/2024 12:14:41,179544.233,687394.062
3/21/2024 12:14:42,179544.202,687394.238
3/21/2024 12:14:43,179544.12,687394.374
3/21/2024 12:14:44,179543.957,687394.447
3/21/2024 12:14:45,179543.76,687394.421
3/21/2024 12:14:46,179543.323,687394.315
3/21/2024 12:14:47,179542.629,687394.098
3/21/2024 12:14:48,179541.722,687393.916
3/21/2024 12:14:49,179540.835,687393.913
3/21/2024 12:14:50,179540.136,687393.669
3/21/2024 12:14:51,179539.362,687394.061
3/21/2024 12:14:52,179538.781,687394.316
3/21/2024 12:14:53,179538.148,687394.55
3/21/2024 12:14:54,179537.728,687394.751
3/21/2024 12:14:55,179537.389,687394.93
3/21/2024 12:14:56,179537.026,687395.053
3/21/2024 12:14:57,179536.65,687395.148
3/21/2024 12:14:58,179536.337,687395.25
3/21/2024 12:14:59,179535.962,687395.322
3/21/2024 12:15:00,179535.73,687395.091
3/21/2024 12:15:01,179535.515,687395.526
3/21/2024 12:15:02,179535.014,687395.429
3/21/2024 12:15:03,179534.615,687395.406
3/21/2024 12:15:04,179534.392,687395.612
3/21/2024 12:15:05,179533.892,687396.166
3/21/2024 12:15:06,179533.262,687396.506
3/21/2024 12:15:07,179533.079,687396.484
3/21/2024 12:15:08,179532.759,687396.6
3/21/2024 12:15:09,179532.484,687396.64
3/21/2024 12:15:10,179532.3,687396.613
3/21/2024 12:15:11,179532.077,687396.642
3/21/2024 12:15:12,179532.04,687396.675
3/21/2024 12:15:13,179532.09,687396.723
3/21/2024 12:15:14,179532.194,687396.878
3/21/2024 12:15:15,179532.31,687396.946
3/21/2024 12:15:16,179532.602,687397.003
3/21/2024 12:15:17,179532.861,687397.25
3/21/2024 12:15:18,179533.019,687397.432
3/21/2024 12:15:19,179533.411,687398.008
3/21/2024 12:15:20,179533.908,687398.295
3/21/2024 12:15:21,179534.104,687398.698
3/21/2024 12:15:22,179534.523,687398.859
3/21/2024 12:15:23,179534.892,687399.154
3/21/2024 12:15:24,179535.157,687399.141
3/21/2024 12:15:25,179535.341,687399.297
3/21/2024 12:15:26,179535.575,687399.672
3/21/2024 12:15:27,179535.99,687399.859
3/21/2024 12:15:28,179535.648,687400.4
3/21/2024 12:15:29,179535.443,687401.414
3/21/2024 12:15:30,179535.378,687402.953
3/21/2024 12:15:31,179535.335,687404.203
3/21/2024 12:15:32,179535.348,687405.702
3/21/2024 12:15:33,179535.332,687407.068
3/21/2024 12:15:34,179535.31,687408.09
3/21/2024 12:15:35,179535.266,687409.272
3/21/2024 12:15:36,179535.477,687410.359
3/21/2024 12:15:37,179535.653,687411.44
3/21/2024 12:15:38,179535.847,687412.295
3/21/2024 12:15:39,179535.899,687413.037
3/21/2024 12:15:40,179536.007,687413.825
3/21/2024 12:15:41,179535.952,687414.674
3/21/2024 12:15:42,179536.428,687415.076
3/21/2024 12:15:43,179536.452,687415.67
3/21/2024 12:15:44,179536.356,687416.217
3/21/2024 12:15:45,179536.443,687416.836
3/21/2024 12:15:46,179536.506,687417.563
3/21/2024 12:15:47,179536.653,687417.96
3/21/2024 12:15:48,179536.705,687418.652
3/21/2024 12:15:49,179536.671,687419.013
3/21/2024 12:15:50,179536.72,687419.567
3/21/2024 12:15:51,179536.712,687420.068
3/21/2024 12:15:52,179536.854,687420.832
3/21/2024 12:15:53,179536.922,687421.493
3/21/2024 12:15:54,179537.049,687422.219
3/21/2024 12:15:55,179537.095,687422.72
3/21/2024 12:15:56,179537.256,687423.528
3/21/2024 12:15:57,179537.451,687424.343
3/21/2024 12:15:58,179537.556,687425.073
3/21/2024 12:15:59,179537.633,687425.874
3/21/2024 12:16:00,179537.776,687426.667
3/21/2024 12:16:01,179537.807,687427.653
3/21/2024 12:16:02,179537.871,687428.463
3/21/2024 12:16:03,179538.143,687429.356
3/21/2024 12:16:04,179538.193,687429.894
3/21/2024 12:16:05,179537.955,687430.772
3/21/2024 12:16:06,179538.156,687431.547
3/21/2024 12:16:07,179538.093,687432.189
3/21/2024 12:16:08,179538.436,687432.908
3/21/2024 12:16:09,179538.397,687433.701
3/21/2024 12:16:10,179538.356,687434.178
3/21/2024 12:16:11,179538.434,687435.08
3/21/2024 12:16:12,179538.437,687435.773
3/21/2024 12:16:13,179538.584,687436.475
3/21/2024 12:16:14,179538.706,687437.456
3/21/2024 12:16:15,179538.723,687438.192
3/21/2024 12:16:16,179538.729,687438.988
3/21/2024 12:16:17,179538.688,687439.77
3/21/2024 12:16:18,179538.755,687440.499
3/21/2024 12:16:19,179538.845,687441.256
3/21/2024 12:16:20,179538.88,687441.949
3/21/2024 12:16:21,179538.923,687442.591
3/21/2024 12:16:22,179538.996,687443.197
3/21/2024 12:16:23,179539.133,687443.725
3/21/2024 12:16:24,179539.051,687444.176
3/21/2024 12:16:25,179539.054,687444.756
3/21/2024 12:16:26,179539.083,687445.295
3/21/2024 12:16:27,179539.12,687445.876
3/21/2024 12:16:28,179539.149,687446.497
3/21/2024 12:16:29,179539.153,687447.137
3/21/2024 12:16:30,179539.118,687447.834
3/21/2024 12:16:31,179539.118,687448.543
3/21/2024 12:16:32,179539.117,687449.303
3/21/2024 12:16:33,179539.132,687450.061
3/21/2024 12:16:34,179539.109,687450.835
3/21/2024 12:16:35,179539.128,687451.643
3/21/2024 12:16:36,179539.084,687452.464
3/21/2024 12:16:37,179539.067,687453.281
3/21/2024 12:16:38,179539.001,687454.091
3/21/2024 12:16:39,179538.976,687454.999
3/21/2024 12:16:40,179538.952,687455.841
3/21/2024 12:16:41,179538.856,687456.778
3/21/2024 12:16:42,179538.755,687457.642
3/21/2024 12:16:43,179538.666,687458.587
3/21/2024 12:16:44,179538.65,687459.625
3/21/2024 12:16:45,179538.64,687460.65
3/21/2024 12:16:46,179538.57,687461.695
3/21/2024 12:16:47,179538.49,687462.711
3/21/2024 12:16:48,179538.372,687463.768
3/21/2024 12:16:49,179538.268,687464.805
3/21/2024 12:16:50,179538.12,687465.897
3/21/2024 12:16:51,179537.992,687466.973
3/21/2024 12:16:52,179537.83,687467.993
3/21/2024 12:16:53,179537.654,687469.065
3/21/2024 12:16:54,179537.331,687470.086
3/21/2024 12:16:55,179537.094,687471.131
3/21/2024 12:16:56,179536.903,687472.367
3/21/2024 12:16:57,179536.558,687473.396
3/21/2024 12:16:58,179536.314,687474.535
3/21/2024 12:16:59,179535.953,687475.632
3/21/2024 12:17:00,179535.572,687476.684
3/21/2024 12:17:01,179535.26,687477.601
3/21/2024 12:17:02,179534.792,687478.488
3/21/2024 12:17:03,179534.336,687479.572
3/21/2024 12:17:04,179533.855,687480.448
3/21/2024 12:17:05,179533.392,687481.204
3/21/2024 12:17:06,179532.904,687482.148
3/21/2024 12:17:07,179532.416,687483.092
3/21/2024 12:17:08,179531.834,687484.049
3/21/2024 12:17:09,179531.257,687485.026
3/21/2024 12:17:10,179530.665,687486.011
3/21/2024 12:17:11,179530.066,687487.013
3/21/2024 12:17:12,179529.416,687488.05
3/21/2024 12:17:13,179528.845,687489.134
3/21/2024 12:17:14,179528.257,687490.196
3/21/2024 12:17:15,179527.667,687491.261
3/21/2024 12:17:16,179527.158,687492.401
3/21/2024 12:17:17,179526.649,687493.549
3/21/2024 12:17:18,179526.234,687494.666
3/21/2024 12:17:19,179525.847,687495.834
3/21/2024 12:17:20,179525.552,687497.028
3/21/2024 12:17:21,179525.402,687498.196
3/21/2024 12:17:22,179525.318,687499.227
3/21/2024 12:17:23,179525.416,687500.342
3/21/2024 12:17:24,179525.554,687501.374
3/21/2024 12:17:25,179525.743,687502.375
3/21/2024 12:17:26,179526.08,687503.21
3/21/2024 12:17:27,179526.42,687503.964
3/21/2024 12:17:28,179526.844,687504.684
3/21/2024 12:17:29,179527.356,687505.387
3/21/2024 12:17:30,179527.649,687505.838
3/21/2024 12:17:31,179528.009,687506.344
3/21/2024 12:17:32,179528.391,687506.659
3/21/2024 12:17:33,179528.484,687506.876
3/21/2024 12:17:34,179528.628,687507.237
3/21/2024 12:17:35,179528.717,687507.439
3/21/2024 12:17:36,179528.685,687507.675
3/21/2024 12:17:37,179528.513,687508.036
3/21/2024 12:17:38,179528.502,687508.107
3/21/2024 12:17:39,179528.371,687508.35
3/21/2024 12:17:40,179528.272,687508.553
3/21/2024 12:17:41,179528.22,687508.825
3/21/2024 12:17:42,179528.094,687509.001
3/21/2024 12:17:43,179528.028,687509.206
3/21/2024 12:17:44,179527.901,687509.412
3/21/2024 12:17:45,179527.788,687509.62
3/21/2024 12:17:46,179527.634,687510.052
3/21/2024 12:17:47,179527.525,687510.148
3/21/2024 12:17:48,179527.36,687510.356
3/21/2024 12:17:49,179527.157,687510.497
3/21/2024 12:17:50,179526.978,687510.529
3/21/2024 12:17:51,179526.78,687510.62
3/21/2024 12:17:52,179526.719,687511.007
3/21/2024 12:17:53,179526.584,687511.138
3/21/2024 12:17:54,179526.45,687511.341
3/21/2024 12:17:55,179526.276,687511.549
3/21/2024 12:17:56,179526.153,687511.754
3/21/2024 12:17:57,179525.986,687511.947
3/21/2024 12:17:58,179525.815,687512.131
3/21/2024 12:17:59,179525.644,687512.327
3/21/2024 12:18:00,179525.456,687512.509
3/21/2024 12:18:01,179525.282,687512.69
3/21/2024 12:18:02,179525.112,687512.876
3/21/2024 12:18:03,179524.946,687513.06
3/21/2024 12:18:04,179524.752,687513.237
3/21/2024 12:18:05,179524.595,687513.45
3/21/2024 12:18:06,179524.422,687513.632
3/21/2024 12:18:07,179524.265,687513.828
3/21/2024 12:18:08,179524.09,687514.015
3/21/2024 12:18:09,179523.936,687514.211
3/21/2024 12:18:10,179523.768,687514.401
3/21/2024 12:18:11,179523.616,687514.596
3/21/2024 12:18:12,179523.453,687514.799
3/21/2024 12:18:13,179523.286,687514.993
3/21/2024 12:18:14,179523.143,687515.183
3/21/2024 12:18:15,179522.981,687515.369
3/21/2024 12:18:16,179522.817,687515.561
3/21/2024 12:18:17,179522.669,687515.771
3/21/2024 12:18:18,179522.527,687515.972
3/21/2024 12:18:19,179522.372,687516.176
3/21/2024 12:18:20,179522.223,687516.386
3/21/2024 12:18:21,179522.069,687516.583
3/21/2024 12:18:22,179521.893,687516.792
3/21/2024 12:18:23,179521.736,687516.975
3/21/2024 12:18:24,179521.578,687517.183
3/21/2024 12:18:25,179521.419,687517.392
3/21/2024 12:18:26,179521.344,687517.656
3/21/2024 12:18:27,179521.152,687517.925
3/21/2024 12:18:28,179520.936,687518.201
3/21/2024 12:18:29,179520.882,687518.427
3/21/2024 12:18:30,179520.627,687518.483
3/21/2024 12:18:31,179520.478,687518.727
3/21/2024 12:18:32,179520.296,687518.938
3/21/2024 12:18:33,179520.202,687519.078
3/21/2024 12:18:34,179520.077,687519.255
3/21/2024 12:18:35,179520.028,687519.463
3/21/2024 12:18:36,179520.112,687519.637
3/21/2024 12:18:37,179520.289,687519.653
3/21/2024 12:18:38,179520.515,687519.726
3/21/2024 12:18:39,179520.733,687519.753
3/21/2024 12:18:40,179521.192,687519.798
3/21/2024 12:18:41,179521.57,687519.567
3/21/2024 12:18:42,179522.155,687519.585
3/21/2024 12:18:43,179522.948,687519.357
3/21/2024 12:18:44,179523.733,687518.934
3/21/2024 12:18:45,179524.906,687518.562
3/21/2024 12:18:46,179525.742,687518.089
3/21/2024 12:18:47,179526.698,687517.352
3/21/2024 12:18:48,179527.44,687516.589
3/21/2024 12:18:49,179528.083,687515.876
3/21/2024 12:18:50,179528.34,687515.102
3/21/2024 12:18:51,179528.932,687514.293
3/21/2024 12:18:52,179529.561,687513.446
3/21/2024 12:18:53,179530.127,687512.414
3/21/2024 12:18:54,179530.747,687511.525
3/21/2024 12:18:55,179531.417,687510.576
3/21/2024 12:18:56,179531.921,687509.587
3/21/2024 12:18:57,179532.329,687508.261
3/21/2024 12:18:58,179532.842,687507.216
3/21/2024 12:18:59,179533.247,687505.994
3/21/2024 12:19:00,179533.604,687505.148
3/21/2024 12:19:01,179533.956,687504.245
3/21/2024 12:19:02,179534.273,687503.323
3/21/2024 12:19:03,179534.56,687502.447
3/21/2024 12:19:04,179534.828,687501.593
3/21/2024 12:19:05,179535.045,687500.771
3/21/2024 12:19:06,179535.248,687499.963
3/21/2024 12:19:07,179535.391,687499.211
3/21/2024 12:19:08,179535.6,687498.447
3/21/2024 12:19:09,179535.847,687497.751
3/21/2024 12:19:10,179536.221,687497.1
3/21/2024 12:19:11,179536.345,687496.333
3/21/2024 12:19:12,179536.376,687495.566
3/21/2024 12:19:13,179536.543,687494.929
3/21/2024 12:19:14,179536.701,687494.276
3/21/2024 12:19:15,179536.858,687493.65
3/21/2024 12:19:16,179537.003,687493.016
3/21/2024 12:19:17,179537.161,687492.409
3/21/2024 12:19:18,179537.505,687491.84
3/21/2024 12:19:19,179537.697,687491.123
3/21/2024 12:19:20,179537.769,687490.351
3/21/2024 12:19:21,179537.831,687489.879
3/21/2024 12:19:22,179538.023,687489.21
3/21/2024 12:19:23,179538.088,687488.644
3/21/2024 12:19:24,179538.134,687488.042
3/21/2024 12:19:25,179538.16,687487.544
3/21/2024 12:19:26,179538.219,687486.761
3/21/2024 12:19:27,179538.169,687486.345
3/21/2024 12:19:28,179538.243,687485.782
3/21/2024 12:19:29,179538.351,687485.211
3/21/2024 12:19:30,179538.423,687484.614
3/21/2024 12:19:31,179538.495,687484.011
3/21/2024 12:19:32,179538.596,687483.39
3/21/2024 12:19:33,179538.674,687482.831
3/21/2024 12:19:34,179538.848,687482.255
3/21/2024 12:19:35,179538.95,687481.622
3/21/2024 12:19:36,179539.06,687481.038
3/21/2024 12:19:37,179539.139,687480.489
3/21/2024 12:19:38,179539.225,687480.073
3/21/2024 12:19:39,179539.449,687479.495
3/21/2024 12:19:40,179539.553,687478.964
3/21/2024 12:19:41,179539.748,687478.454
3/21/2024 12:19:42,179539.799,687477.84
3/21/2024 12:19:43,179539.977,687477.172
3/21/2024 12:19:44,179540.105,687476.43
3/21/2024 12:19:45,179540.204,687475.833
3/21/2024 12:19:46,179540.345,687475.243
3/21/2024 12:19:47,179540.457,687474.576
3/21/2024 12:19:48,179540.543,687473.883
3/21/2024 12:19:49,179540.649,687473.211
3/21/2024 12:19:50,179540.778,687472.578
3/21/2024 12:19:51,179540.798,687471.868
3/21/2024 12:19:52,179540.879,687471.228
3/21/2024 12:19:53,179540.942,687470.493
3/21/2024 12:19:54,179540.97,687469.765
3/21/2024 12:19:55,179541.07,687469.088
3/21/2024 12:19:56,179541.051,687468.357
3/21/2024 12:19:57,179541.023,687467.633
3/21/2024 12:19:58,179541.095,687466.951
3/21/2024 12:19:59,179541.21,687466.377
3/21/2024 12:20:00,179541.368,687465.753
3/21/2024 12:20:01,179541.291,687465.031
3/21/2024 12:20:02,179541.291,687464.367
3/21/2024 12:20:03,179541.313,687463.793
3/21/2024 12:20:04,179541.282,687463.061
3/21/2024 12:20:05,179541.272,687462.322
3/21/2024 12:20:06,179541.287,687461.608
3/21/2024 12:20:07,179541.181,687460.955
3/21/2024 12:20:08,179541.157,687460.234
3/21/2024 12:20:09,179541.128,687459.494
3/21/2024 12:20:10,179541.109,687458.704
3/21/2024 12:20:11,179541.088,687458.044
3/21/2024 12:20:12,179541.046,687457.369
3/21/2024 12:20:13,179541.056,687456.72
3/21/2024 12:20:14,179541.016,687455.992
3/21/2024 12:20:15,179540.98,687455.251
3/21/2024 12:20:16,179540.985,687454.508
3/21/2024 12:20:17,179540.987,687453.753
3/21/2024 12:20:18,179541.013,687452.902
3/21/2024 12:20:19,179541.076,687452.144
3/21/2024 12:20:20,179541.099,687451.477
3/21/2024 12:20:21,179541.142,687450.678
3/21/2024 12:20:22,179541.234,687449.853
3/21/2024 12:20:23,179541.31,687448.972
3/21/2024 12:20:24,179541.415,687448.104
3/21/2024 12:20:25,179541.527,687447.276
3/21/2024 12:20:26,179541.671,687446.374
3/21/2024 12:20:27,179541.786,687445.485
3/21/2024 12:20:28,179541.903,687444.594
3/21/2024 12:20:29,179541.978,687443.686
3/21/2024 12:20:30,179542.056,687442.719
3/21/2024 12:20:31,179542.233,687441.834
3/21/2024 12:20:32,179542.346,687440.909
3/21/2024 12:20:33,179542.435,687440.033
3/21/2024 12:20:34,179542.427,687439.14
3/21/2024 12:20:35,179542.498,687438.234
3/21/2024 12:20:36,179542.518,687437.486
3/21/2024 12:20:37,179542.6,687436.677
3/21/2024 12:20:38,179542.624,687435.904
3/21/2024 12:20:39,179542.661,687435.201
3/21/2024 12:20:40,179542.693,687434.547
3/21/2024 12:20:41,179542.72,687433.91
3/21/2024 12:20:42,179542.709,687433.275
3/21/2024 12:20:43,179542.748,687432.57
3/21/2024 12:20:44,179542.741,687431.86
3/21/2024 12:20:45,179542.753,687431.074
3/21/2024 12:20:46,179542.718,687430.272
3/21/2024 12:20:47,179542.633,687429.474
3/21/2024 12:20:48,179542.619,687428.578
3/21/2024 12:20:49,179542.571,687427.679
3/21/2024 12:20:50,179542.512,687426.895
3/21/2024 12:20:51,179542.484,687426.068
3/21/2024 12:20:52,179542.473,687425.204
3/21/2024 12:20:53,179542.468,687424.469
3/21/2024 12:20:54,179542.408,687423.867
3/21/2024 12:20:55,179542.38,687423.201
3/21/2024 12:20:56,179542.349,687422.53
3/21/2024 12:20:57,179542.341,687422.019
3/21/2024 12:20:58,179542.367,687421.392
3/21/2024 12:20:59,179542.371,687420.816
3/21/2024 12:21:00,179542.419,687420.202
3/21/2024 12:21:01,179542.414,687419.551
3/21/2024 12:21:02,179542.473,687418.819
3/21/2024 12:21:03,179542.527,687418.032
3/21/2024 12:21:04,179542.595,687417.24
3/21/2024 12:21:05,179542.705,687416.429
3/21/2024 12:21:06,179542.823,687415.604
3/21/2024 12:21:07,179542.971,687414.751
3/21/2024 12:21:08,179543.128,687413.861
3/21/2024 12:21:09,179543.348,687413.047
3/21/2024 12:21:10,179543.538,687412.247
3/21/2024 12:21:11,179543.751,687411.53
3/21/2024 12:21:12,179543.99,687410.829
3/21/2024 12:21:13,179544.235,687410.198
3/21/2024 12:21:14,179544.429,687409.597
3/21/2024 12:21:15,179544.584,687409.195
3/21/2024 12:21:16,179544.746,687408.773
3/21/2024 12:21:17,179544.833,687408.314
3/21/2024 12:21:18,179544.857,687407.965
3/21/2024 12:21:19,179544.847,687407.691
3/21/2024 12:21:20,179544.381,687407.757
3/21/2024 12:21:21,179543.899,687407.733
3/21/2024 12:21:22,179543.232,687407.644
3/21/2024 12:21:23,179542.392,687407.593
3/21/2024 12:21:24,179541.716,687407.435
3/21/2024 12:21:25,179541.06,687407.33
3/21/2024 12:21:26,179540.723,687407.317
3/21/2024 12:21:27,179540.273,687407.212
3/21/2024 12:21:28,179539.96,687407.222
3/21/2024 12:21:29,179539.693,687407.209
3/21/2024 12:21:30,179539.274,687407.234
3/21/2024 12:21:31,179538.966,687407.3
3/21/2024 12:21:32,179538.755,687407.35
3/21/2024 12:21:33,179538.503,687407.501
3/21/2024 12:21:34,179538.312,687407.55
3/21/2024 12:21:35,179538.255,687407.709
3/21/2024 12:21:36,179538.291,687407.871
3/21/2024 12:21:37,179538.246,687408.109
3/21/2024 12:21:38,179538.237,687408.383
3/21/2024 12:21:39,179538.181,687408.647
3/21/2024 12:21:40,179538.111,687408.94
3/21/2024 12:21:41,179538.002,687409.213
3/21/2024 12:21:42,179537.871,687409.583
3/21/2024 12:21:43,179537.723,687410.001
3/21/2024 12:21:44,179537.499,687410.493
3/21/2024 12:21:45,179537.265,687410.994
3/21/2024 12:21:46,179536.993,687411.545
3/21/2024 12:21:47,179536.615,687412.264
3/21/2024 12:21:48,179536.218,687412.864
3/21/2024 12:21:49,179535.673,687413.736
3/21/2024 12:21:50,179535.131,687414.656
3/21/2024 12:21:51,179534.626,687415.484
3/21/2024 12:21:52,179534.346,687416.421
3/21/2024 12:21:53,179533.882,687417.298
3/21/2024 12:21:54,179533.551,687418.181
3/21/2024 12:21:55,179533.123,687419.017
3/21/2024 12:21:56,179532.894,687419.966
3/21/2024 12:21:57,179532.614,687420.864
3/21/2024 12:21:58,179532.29,687421.719
3/21/2024 12:21:59,179532.16,687422.595
3/21/2024 12:22:00,179532.025,687423.42
3/21/2024 12:22:01,179531.89,687424.108
3/21/2024 12:22:02,179531.761,687424.785
3/21/2024 12:22:03,179531.69,687425.616
3/21/2024 12:22:04,179531.621,687426.391
3/21/2024 12:22:05,179531.543,687427.181
3/21/2024 12:22:06,179531.582,687428.062
3/21/2024 12:22:07,179531.604,687428.987
3/21/2024 12:22:08,179531.635,687429.907
3/21/2024 12:22:09,179531.709,687430.833
3/21/2024 12:22:10,179531.781,687431.767
3/21/2024 12:22:11,179531.868,687432.722
3/21/2024 12:22:12,179531.9,687433.572
3/21/2024 12:22:13,179531.994,687434.449
3/21/2024 12:22:14,179532.13,687435.252
3/21/2024 12:22:15,179532.188,687435.984
3/21/2024 12:22:16,179532.288,687436.752
3/21/2024 12:22:17,179532.39,687437.466
3/21/2024 12:22:18,179532.463,687438.179
3/21/2024 12:22:19,179532.541,687438.85
3/21/2024 12:22:20,179532.62,687439.52
3/21/2024 12:22:21,179532.722,687440.241
3/21/2024 12:22:22,179532.827,687441.01
3/21/2024 12:22:23,179532.948,687441.798
3/21/2024 12:22:24,179533.065,687442.636
3/21/2024 12:22:25,179533.207,687443.491
3/21/2024 12:22:26,179533.336,687444.399
3/21/2024 12:22:27,179533.498,687445.33
3/21/2024 12:22:28,179533.665,687446.254
3/21/2024 12:22:29,179533.807,687447.138
3/21/2024 12:22:30,179533.969,687447.99
3/21/2024 12:22:31,179534.103,687448.796
3/21/2024 12:22:32,179534.209,687449.583
3/21/2024 12:22:33,179534.317,687450.361
3/21/2024 12:22:34,179534.423,687451.084
3/21/2024 12:22:35,179534.514,687451.808
3/21/2024 12:22:36,179534.647,687452.519
3/21/2024 12:22:37,179534.59,687453.154
3/21/2024 12:22:38,179534.67,687454.042
3/21/2024 12:22:39,179534.743,687454.879
3/21/2024 12:22:40,179534.826,687455.764
3/21/2024 12:22:41,179534.924,687456.713
3/21/2024 12:22:42,179534.942,687457.578
3/21/2024 12:22:43,179535.05,687458.528
3/21/2024 12:22:44,179535.1,687459.503
3/21/2024 12:22:45,179535.153,687460.483
3/21/2024 12:22:46,179535.232,687461.466
3/21/2024 12:22:47,179535.226,687462.424
3/21/2024 12:22:48,179535.247,687463.381
3/21/2024 12:22:49,179535.314,687464.29
3/21/2024 12:22:50,179535.308,687465.177
3/21/2024 12:22:51,179535.229,687466.003
3/21/2024 12:22:52,179535.219,687466.884
3/21/2024 12:22:53,179535.185,687467.673
3/21/2024 12:22:54,179535.11,687468.457
3/21/2024 12:22:55,179535.071,687469.232
3/21/2024 12:22:56,179535.003,687469.993
3/21/2024 12:22:57,179534.928,687470.732
3/21/2024 12:22:58,179534.847,687471.485
3/21/2024 12:22:59,179534.749,687472.315
3/21/2024 12:23:00,179534.662,687473.272
3/21/2024 12:23:01,179534.503,687474.204
3/21/2024 12:23:02,179534.313,687475.169
3/21/2024 12:23:03,179534.12,687476.158
3/21/2024 12:23:04,179533.968,687477.158
3/21/2024 12:23:05,179533.741,687478.099
3/21/2024 12:23:06,179533.52,687478.988
3/21/2024 12:23:07,179533.258,687479.832
3/21/2024 12:23:08,179533.003,687480.543
3/21/2024 12:23:09,179532.797,687481.42
3/21/2024 12:23:10,179532.514,687482.198
3/21/2024 12:23:11,179532.251,687482.992
3/21/2024 12:23:12,179532.014,687483.84
3/21/2024 12:23:13,179531.683,687484.706
3/21/2024 12:23:14,179531.426,687485.624
3/21/2024 12:23:15,179531.15,687486.607
3/21/2024 12:23:16,179530.874,687487.626
3/21/2024 12:23:17,179530.66,687488.675
3/21/2024 12:23:18,179530.468,687489.765
3/21/2024 12:23:19,179530.348,687490.769
3/21/2024 12:23:20,179530.109,687491.97
3/21/2024 12:23:21,179530.192,687493.0
3/21/2024 12:23:22,179530.346,687494.039
3/21/2024 12:23:23,179530.509,687495.023
3/21/2024 12:23:24,179530.743,687495.951
3/21/2024 12:23:25,179530.834,687496.818
3/21/2024 12:23:26,179531.243,687497.544
3/21/2024 12:23:27,179531.556,687498.217
3/21/2024 12:23:28,179531.858,687498.873
3/21/2024 12:23:29,179532.232,687499.405
3/21/2024 12:23:30,179532.545,687499.873
3/21/2024 12:23:31,179532.893,687500.244
3/21/2024 12:23:32,179533.181,687500.572
3/21/2024 12:23:33,179533.461,687500.816
3/21/2024 12:23:34,179533.69,687500.988
3/21/2024 12:23:35,179533.881,687501.133
3/21/2024 12:23:36,179534.017,687501.174
3/21/2024 12:23:37,179534.087,687501.16
3/21/2024 12:23:38,179534.072,687501.134
3/21/2024 12:23:39,179534.033,687501.117
3/21/2024 12:23:40,179533.885,687501.066
3/21/2024 12:23:41,179533.789,687501.018
3/21/2024 12:23:42,179533.734,687500.797
3/21/2024 12:23:43,179533.665,687500.307
3/21/2024 12:23:44,179533.649,687499.666
3/21/2024 12:23:45,179533.556,687498.822
3/21/2024 12:23:46,179533.502,687497.873
3/21/2024 12:23:47,179533.488,687496.986
3/21/2024 12:23:48,179533.428,687495.982
3/21/2024 12:23:49,179533.49,687494.839
3/21/2024 12:23:50,179533.548,687493.709
3/21/2024 12:23:51,179533.565,687492.342
3/21/2024 12:23:52,179533.533,687491.052
3/21/2024 12:23:53,179533.529,687489.795
3/21/2024 12:23:54,179533.778,687488.397
3/21/2024 12:23:55,179533.905,687487.935
3/21/2024 12:23:56,179534.109,687486.567
3/21/2024 12:23:57,179534.296,687485.403
3/21/2024 12:23:58,179534.495,687484.488
3/21/2024 12:23:59,179534.712,687483.783
3/21/2024 12:24:00,179534.757,687483.231
3/21/2024 12:24:01,179534.831,687482.694
3/21/2024 12:24:02,179534.91,687481.944
3/21/2024 12:24:03,179534.999,687481.33
3/21/2024 12:24:04,179535.115,687480.717
3/21/2024 12:24:05,179535.215,687480.093
3/21/2024 12:24:06,179535.351,687479.476
3/21/2024 12:24:07,179535.484,687478.813
3/21/2024 12:24:08,179535.607,687478.263
3/21/2024 12:24:09,179535.794,687477.507
3/21/2024 12:24:10,179535.942,687476.861
3/21/2024 12:24:11,179536.064,687476.257
3/21/2024 12:24:12,179536.216,687475.611
3/21/2024 12:24:13,179536.397,687475.045
3/21/2024 12:24:14,179536.634,687474.444
3/21/2024 12:24:15,179536.835,687473.835
3/21/2024 12:24:16,179537.076,687473.219
3/21/2024 12:24:17,179537.306,687472.66
3/21/2024 12:24:18,179537.538,687472.067
3/21/2024 12:24:19,179537.823,687471.476
3/21/2024 12:24:20,179538.109,687470.854
3/21/2024 12:24:21,179538.412,687470.23
3/21/2024 12:24:22,179538.747,687469.616
3/21/2024 12:24:23,179539.06,687469.0
3/21/2024 12:24:24,179539.33,687468.437
3/21/2024 12:24:25,179539.626,687467.786
3/21/2024 12:24:26,179539.942,687467.118
3/21/2024 12:24:27,179540.214,687466.486
3/21/2024 12:24:28,179540.475,687465.849
3/21/2024 12:24:29,179540.814,687465.224
3/21/2024 12:24:30,179541.065,687464.463
3/21/2024 12:24:31,179541.296,687463.888
3/21/2024 12:24:32,179541.537,687463.268
3/21/2024 12:24:33,179541.766,687462.61
3/21/2024 12:24:34,179541.817,687461.949
3/21/2024 12:24:35,179542.009,687461.433
3/21/2024 12:24:36,179542.154,687460.896
3/21/2024 12:24:37,179542.27,687460.493
3/21/2024 12:24:38,179542.481,687460.18
3/21/2024 12:24:39,179542.682,687459.669
3/21/2024 12:24:40,179542.812,687459.098
3/21/2024 12:24:41,179542.907,687458.505
3/21/2024 12:24:42,179542.969,687458.015
3/21/2024 12:24:43,179543.045,687457.595
3/21/2024 12:24:44,179543.14,687457.162
3/21/2024 12:24:45,179543.177,687456.8
3/21/2024 12:24:46,179543.247,687456.432
3/21/2024 12:24:47,179543.252,687456.099
3/21/2024 12:24:48,179543.272,687455.814
3/21/2024 12:24:49,179543.276,687455.513
3/21/2024 12:24:50,179543.247,687455.365
3/21/2024 12:24:51,179543.194,687454.979
3/21/2024 12:24:52,179543.268,687454.885
3/21/2024 12:24:53,179543.256,687454.545
3/21/2024 12:24:54,179543.188,687454.474
3/21/2024 12:24:55,179543.182,687454.144
3/21/2024 12:24:56,179543.137,687453.954
3/21/2024 12:24:57,179543.118,687453.766
3/21/2024 12:24:58,179543.09,687453.592
3/21/2024 12:24:59,179543.069,687453.429
3/21/2024 12:25:00,179543.014,687453.254
3/21/2024 12:25:01,179542.954,687453.059
3/21/2024 12:25:02,179542.888,687452.7
3/21/2024 12:25:03,179542.992,687452.534
3/21/2024 12:25:04,179542.891,687452.077
3/21/2024 12:25:05,179542.905,687451.685
3/21/2024 12:25:06,179543.006,687451.352
3/21/2024 12:25:07,179543.101,687450.858
3/21/2024 12:25:08,179543.113,687450.476
3/21/2024 12:25:09,179543.154,687449.938
3/21/2024 12:25:10,179543.239,687449.428
3/21/2024 12:25:11,179543.323,687448.851
3/21/2024 12:25:12,179543.413,687448.107
3/21/2024 12:25:13,179543.506,687447.427
3/21/2024 12:25:14,179543.654,687446.865
3/21/2024 12:25:15,179543.791,687446.27
3/21/2024 12:25:16,179543.894,687445.803
3/21/2024 12:25:17,179544.072,687445.31
3/21/2024 12:25:18,179544.208,687444.818
3/21/2024 12:25:19,179544.361,687444.353
3/21/2024 12:25:20,179544.482,687443.865
3/21/2024 12:25:21,179544.628,687443.42
3/21/2024 12:25:22,179544.762,687442.963
3/21/2024 12:25:23,179544.922,687442.545
3/21/2024 12:25:24,179545.057,687442.146
3/21/2024 12:25:25,179545.137,687441.681
3/21/2024 12:25:26,179545.261,687441.271
3/21/2024 12:25:27,179545.386,687440.854
3/21/2024 12:25:28,179545.508,687440.454
3/21/2024 12:25:29,179545.575,687439.982
3/21/2024 12:25:30,179545.671,687439.588
3/21/2024 12:25:31,179545.823,687439.229
3/21/2024 12:25:32,179545.958,687438.891
3/21/2024 12:25:33,179545.922,687438.451
3/21/2024 12:25:34,179546.087,687438.003
3/21/2024 12:25:35,179546.16,687437.479
3/21/2024 12:25:36,179546.143,687437.103
3/21/2024 12:25:37,179546.357,687436.653
3/21/2024 12:25:38,179546.353,687436.249
3/21/2024 12:25:39,179546.33,687435.874
3/21/2024 12:25:40,179546.358,687435.505
3/21/2024 12:25:41,179546.381,687435.16
3/21/2024 12:25:42,179546.455,687434.823
3/21/2024 12:25:43,179546.434,687434.434
3/21/2024 12:25:44,179546.422,687434.055
3/21/2024 12:25:45,179546.47,687433.698
3/21/2024 12:25:46,179546.461,687433.337
3/21/2024 12:25:47,179546.491,687432.997
3/21/2024 12:25:48,179546.45,687432.694
3/21/2024 12:25:49,179546.405,687432.434
3/21/2024 12:25:50,179546.392,687432.182
3/21/2024 12:25:51,179546.385,687432.012
3/21/2024 12:25:52,179546.446,687431.943
3/21/2024 12:25:53,179546.479,687431.885
3/21/2024 12:25:54,179546.517,687431.828
3/21/2024 12:25:55,179546.599,687431.769
3/21/2024 12:25:56,179546.67,687431.719
3/21/2024 12:25:57,179546.75,687431.64
3/21/2024 12:25:58,179546.831,687431.572
3/21/2024 12:25:59,179546.933,687431.502
3/21/2024 12:26:00,179546.96,687431.461
3/21/2024 12:26:01,179547.05,687431.48
3/21/2024 12:26:02,179547.127,687431.264
3/21/2024 12:26:03,179547.423,687431.347
3/21/2024 12:26:04,179547.452,687431.321
3/21/2024 12:26:05,179547.463,687431.352
3/21/2024 12:26:06,179547.453,687431.488
3/21/2024 12:26:07,179547.513,687431.541
3/21/2024 12:26:08,179547.83,687431.49
3/21/2024 12:26:09,179548.06,687431.688
3/21/2024 12:26:10,179548.034,687431.569
3/21/2024 12:26:11,179548.154,687431.722
3/21/2024 12:26:12,179548.161,687431.764
3/21/2024 12:26:13,179548.35,687431.881
3/21/2024 12:26:14,179548.816,687432.069
3/21/2024 12:26:15,179548.825,687432.044
3/21/2024 12:26:16,179549.3,687432.503
3/21/2024 12:26:17,179549.421,687432.491
3/21/2024 12:26:18,179549.683,687432.683
3/21/2024 12:26:19,179549.907,687432.85
3/21/2024 12:26:20,179550.154,687433.039
3/21/2024 12:26:21,179550.408,687433.192
3/21/2024 12:26:22,179550.926,687433.569
3/21/2024 12:26:23,179551.147,687433.747
3/21/2024 12:26:24,179551.292,687433.937
3/21/2024 12:26:25,179551.511,687434.11
3/21/2024 12:26:26,179551.598,687434.178
3/21/2024 12:26:27,179551.7,687434.159
3/21/2024 12:26:28,179551.468,687433.842
3/21/2024 12:26:29,179551.15,687433.441
3/21/2024 12:26:30,179550.707,687433.004
3/21/2024 12:26:31,179550.339,687432.746
3/21/2024 12:26:32,179550.006,687432.478
3/21/2024 12:26:33,179549.723,687432.258
3/21/2024 12:26:34,179549.479,687432.067
3/21/2024 12:26:35,179549.225,687431.894
3/21/2024 12:26:36,179548.964,687431.718
3/21/2024 12:26:37,179548.762,687431.52
3/21/2024 12:26:38,179548.586,687431.302
3/21/2024 12:26:39,179548.398,687431.056
3/21/2024 12:26:40,179548.17,687430.774
3/21/2024 12:26:41,179547.888,687430.477
3/21/2024 12:26:42,179547.632,687430.14
3/21/2024 12:26:43,179547.429,687429.809
3/21/2024 12:26:44,179547.214,687429.443
3/21/2024 12:26:45,179546.967,687428.984
3/21/2024 12:26:46,179546.717,687428.48
3/21/2024 12:26:47,179546.439,687427.915
3/21/2024 12:26:48,179546.204,687427.318
3/21/2024 12:26:49,179545.965,687426.745
3/21/2024 12:26:50,179545.815,687426.178
3/21/2024 12:26:51,179545.718,687425.626
3/21/2024 12:26:52,179545.435,687424.805
3/21/2024 12:26:53,179545.198,687424.025
3/21/2024 12:26:54,179545.047,687423.363
3/21/2024 12:26:55,179544.881,687422.661
3/21/2024 12:26:56,179544.792,687422.15
3/21/2024 12:26:57,179544.753,687421.463
3/21/2024 12:26:58,179544.68,687420.838
3/21/2024 12:26:59,179544.511,687420.228
3/21/2024 12:27:00,179544.464,687419.562
3/21/2024 12:27:01,179544.375,687418.994
3/21/2024 12:27:02,179544.309,687418.425
3/21/2024 12:27:03,179544.296,687417.903
3/21/2024 12:27:04,179544.242,687417.313
3/21/2024 12:27:05,179544.158,687416.778
3/21/2024 12:27:06,179544.067,687416.077
3/21/2024 12:27:07,179544.187,687415.55
3/21/2024 12:27:08,179543.909,687414.856
3/21/2024 12:27:09,179544.04,687414.349
3/21/2024 12:27:10,179544.083,687413.826
3/21/2024 12:27:11,179544.11,687413.268
3/21/2024 12:27:12,179544.151,687412.726
3/21/2024 12:27:13,179544.152,687412.164
3/21/2024 12:27:14,179544.148,687411.65
3/21/2024 12:27:15,179544.163,687411.151
3/21/2024 12:27:16,179544.122,687410.66
3/21/2024 12:27:17,179544.122,687410.163
3/21/2024 12:27:18,179544.106,687409.683
3/21/2024 12:27:19,179544.073,687409.205
3/21/2024 12:27:20,179544.035,687408.75
3/21/2024 12:27:21,179543.974,687408.29
3/21/2024 12:27:22,179543.917,687407.831
3/21/2024 12:27:23,179543.838,687407.403
3/21/2024 12:27:24,179543.783,687406.978
3/21/2024 12:27:25,179543.704,687406.57
3/21/2024 12:27:26,179543.666,687406.178
3/21/2024 12:27:27,179543.59,687405.79
3/21/2024 12:27:28,179543.523,687405.418
3/21/2024 12:27:29,179543.449,687405.048
3/21/2024 12:27:30,179543.386,687404.677
3/21/2024 12:27:31,179543.316,687404.321
3/21/2024 12:27:32,179543.265,687403.97
3/21/2024 12:27:33,179543.29,687403.675
3/21/2024 12:27:34,179543.026,687403.243
3/21/2024 12:27:35,179542.938,687402.857
3/21/2024 12:27:36,179542.858,687402.55
3/21/2024 12:27:37,179542.852,687402.253
3/21/2024 12:27:38,179542.794,687401.939
3/21/2024 12:27:39,179542.75,687401.597
3/21/2024 12:27:40,179542.643,687401.271
3/21/2024 12:27:41,179542.585,687400.939
3/21/2024 12:27:42,179542.457,687400.65
3/21/2024 12:27:43,179542.363,687400.326
3/21/2024 12:27:44,179542.287,687400.013
3/21/2024 12:27:45,179542.258,687399.78
3/21/2024 12:27:46,179542.125,687399.468
3/21/2024 12:27:47,179542.084,687399.213
3/21/2024 12:27:48,179542.008,687398.946
3/21/2024 12:27:49,179541.922,687398.704
3/21/2024 12:27:50,179541.803,687398.417
3/21/2024 12:27:51,179541.705,687398.159
3/21/2024 12:27:52,179541.641,687397.851
3/21/2024 12:27:53,179541.531,687397.629
3/21/2024 12:27:54,179541.443,687397.384
3/21/2024 12:27:55,179541.366,687397.158
3/21/2024 12:27:56,179541.306,687396.987
3/21/2024 12:27:57,179541.182,687396.786
3/21/2024 12:27:58,179541.066,687396.441
3/21/2024 12:27:59,179541.025,687396.369
3/21/2024 12:28:00,179540.935,687396.092
3/21/2024 12:28:01,179540.881,687395.939
3/21/2024 12:28:02,179540.793,687395.743
3/21/2024 12:28:03,179540.74,687395.368
3/21/2024 12:28:04,179540.658,687395.285
3/21/2024 12:28:05,179540.545,687395.073
3/21/2024 12:28:06,179540.326,687394.878
3/21/2024 12:28:07,179540.142,687394.784
3/21/2024 12:28:08,179539.974,687394.64
3/21/2024 12:28:09,179539.75,687394.571
3/21/2024 12:28:10,179539.522,687394.799
3/21/2024 12:28:11,179539.198,687395.014
3/21/2024 12:28:12,179539.115,687395.241
3/21/2024 12:28:13,179538.989,687395.462
3/21/2024 12:28:14,179538.951,687395.819
3/21/2024 12:28:15,179538.732,687396.275
3/21/2024 12:28:16,179538.827,687396.823
3/21/2024 12:28:17,179538.89,687397.223
3/21/2024 12:28:18,179538.965,687397.725
3/21/2024 12:28:19,179539.245,687397.954
3/21/2024 12:28:20,179539.542,687398.319
3/21/2024 12:28:21,179539.826,687398.644
3/21/2024 12:28:22,179540.042,687398.881
3/21/2024 12:28:23,179540.26,687399.14
3/21/2024 12:28:24,179540.415,687399.42
3/21/2024 12:28:25,179540.624,687399.613
3/21/2024 12:28:26,179540.757,687399.81
3/21/2024 12:28:27,179540.832,687399.987
3/21/2024 12:28:28,179540.866,687400.136
3/21/2024 12:28:29,179540.844,687400.336
3/21/2024 12:28:30,179540.77,687400.555
3/21/2024 12:28:31,179540.591,687400.765
3/21/2024 12:28:32,179540.208,687401.096
3/21/2024 12:28:33,179539.839,687401.469
3/21/2024 12:28:34,179539.161,687401.507
3/21/2024 12:28:35,179538.86,687401.746
3/21/2024 12:28:36,179538.517,687402.001
3/21/2024 12:28:37,179538.545,687402.405
3/21/2024 12:28:38,179538.257,687402.632
3/21/2024 12:28:39,179538.007,687402.812
3/21/2024 12:28:40,179537.701,687403.064
3/21/2024 12:28:41,179537.462,687403.422
3/21/2024 12:28:42,179537.363,687403.572
3/21/2024 12:28:43,179536.991,687403.915
3/21/2024 12:28:44,179536.869,687404.011
3/21/2024 12:28:45,179536.662,687404.216
3/21/2024 12:28:46,179536.444,687404.458
3/21/2024 12:28:47,179535.948,687404.553
3/21/2024 12:28:48,179535.778,687404.746
3/21/2024 12:28:49,179535.615,687405.004
3/21/2024 12:28:50,179535.466,687405.176
3/21/2024 12:28:51,179535.28,687405.43
3/21/2024 12:28:52,179535.192,687405.687
3/21/2024 12:28:53,179535.321,687406.229
3/21/2024 12:28:54,179535.24,687406.163
3/21/2024 12:28:55,179535.13,687406.466
3/21/2024 12:28:56,179534.711,687406.546
3/21/2024 12:28:57,179534.927,687406.915
3/21/2024 12:28:58,179534.826,687407.158
3/21/2024 12:28:59,179534.405,687407.222
3/21/2024 12:29:00,179534.319,687407.448
3/21/2024 12:29:01,179534.544,687407.805
3/21/2024 12:29:02,179534.456,687407.967
3/21/2024 12:29:03,179534.288,687408.274
3/21/2024 12:29:04,179534.163,687408.329
3/21/2024 12:29:05,179534.175,687408.682
3/21/2024 12:29:06,179534.226,687408.918
3/21/2024 12:29:07,179534.155,687409.159
3/21/2024 12:29:08,179533.777,687409.263
3/21/2024 12:29:09,179533.705,687409.492
3/21/2024 12:29:10,179533.652,687409.708
3/21/2024 12:29:11,179533.547,687409.96
3/21/2024 12:29:12,179533.51,687410.139
3/21/2024 12:29:13,179533.417,687410.399
3/21/2024 12:29:14,179533.379,687410.619
3/21/2024 12:29:15,179533.322,687410.906
3/21/2024 12:29:16,179533.156,687411.313
3/21/2024 12:29:17,179533.39,687411.885
3/21/2024 12:29:18,179533.095,687412.246
3/21/2024 12:29:19,179533.313,687412.913
3/21/2024 12:29:20,179532.858,687413.191
3/21/2024 12:29:21,179532.773,687413.559
3/21/2024 12:29:22,179532.656,687413.971
3/21/2024 12:29:23,179532.803,687414.605
3/21/2024 12:29:24,179532.611,687415.0
3/21/2024 12:29:25,179532.464,687415.487
3/21/2024 12:29:26,179532.378,687415.927
3/21/2024 12:29:27,179532.18,687416.322
3/21/2024 12:29:28,179532.048,687416.679
3/21/2024 12:29:29,179531.785,687417.124
3/21/2024 12:29:30,179531.74,687417.426
3/21/2024 12:29:31,179531.626,687417.924
3/21/2024 12:29:32,179531.402,687418.36
3/21/2024 12:29:33,179531.323,687418.861
3/21/2024 12:29:34,179530.854,687419.279
3/21/2024 12:29:35,179530.718,687419.891
3/21/2024 12:29:36,179530.607,687420.462
3/21/2024 12:29:37,179530.484,687421.029
3/21/2024 12:29:38,179530.771,687421.552
3/21/2024 12:29:39,179530.65,687422.13
3/21/2024 12:29:40,179530.58,687422.747
3/21/2024 12:29:41,179530.499,687423.318
3/21/2024 12:29:42,179530.377,687423.963
3/21/2024 12:29:43,179530.286,687424.74
3/21/2024 12:29:44,179530.216,687425.506
3/21/2024 12:29:45,179530.22,687426.282
3/21/2024 12:29:46,179530.163,687427.058
3/21/2024 12:29:47,179530.161,687427.757
3/21/2024 12:29:48,179530.168,687428.453
3/21/2024 12:29:49,179530.161,687429.133
3/21/2024 12:29:50,179530.181,687429.834
3/21/2024 12:29:51,179530.147,687430.419
3/21/2024 12:29:52,179529.813,687430.933
3/21/2024 12:29:53,179529.827,687431.624
3/21/2024 12:29:54,179529.92,687432.222
3/21/2024 12:29:55,179529.952,687432.781
3/21/2024 12:29:56,179530.055,687433.401
3/21/2024 12:29:57,179530.217,687434.255
3/21/2024 12:29:58,179530.439,687435.142
3/21/2024 12:29:59,179530.818,687436.007
3/21/2024 12:30:00,179530.353,687436.816
3/21/2024 12:30:01,179530.838,687437.949
3/21/2024 12:30:02,179530.951,687438.96
3/21/2024 12:30:03,179530.834,687439.82
3/21/2024 12:30:04,179530.896,687440.978
3/21/2024 12:30:05,179531.16,687442.188
3/21/2024 12:30:06,179531.493,687443.334
3/21/2024 12:30:07,179531.673,687444.093
3/21/2024 12:30:08,179531.877,687445.011
3/21/2024 12:30:09,179532.069,687445.835
3/21/2024 12:30:10,179532.134,687446.842
3/21/2024 12:30:11,179532.252,687447.754
3/21/2024 12:30:12,179532.498,687448.322
3/21/2024 12:30:13,179532.591,687448.804
3/21/2024 12:30:14,179532.777,687449.506
3/21/2024 12:30:15,179532.925,687450.15
3/21/2024 12:30:16,179533.118,687450.856
3/21/2024 12:30:17,179533.281,687451.605
3/21/2024 12:30:18,179533.501,687452.329
3/21/2024 12:30:19,179533.743,687453.103
3/21/2024 12:30:20,179534.038,687453.984
3/21/2024 12:30:21,179534.388,687454.866
3/21/2024 12:30:22,179534.785,687455.727
3/21/2024 12:30:23,179535.189,687456.53
3/21/2024 12:30:24,179535.785,687457.465
3/21/2024 12:30:25,179536.357,687458.273
3/21/2024 12:30:26,179536.974,687458.97
3/21/2024 12:30:27,179537.655,687459.576
3/21/2024 12:30:28,179538.218,687459.911
3/21/2024 12:30:29,179538.863,687460.295
3/21/2024 12:30:30,179539.504,687460.606
3/21/2024 12:30:31,179539.997,687460.731
3/21/2024 12:30:32,179540.473,687460.782
3/21/2024 12:30:33,179540.888,687460.739
3/21/2024 12:30:34,179541.211,687460.693
3/21/2024 12:30:35,179541.482,687460.584
3/21/2024 12:30:36,179541.677,687460.467
3/21/2024 12:30:37,179541.814,687460.321
3/21/2024 12:30:38,179541.944,687460.09
3/21/2024 12:30:39,179541.931,687459.884
3/21/2024 12:30:40,179541.967,687459.677
3/21/2024 12:30:41,179542.031,687459.435
3/21/2024 12:30:42,179542.094,687459.192
3/21/2024 12:30:43,179542.138,687458.946
3/21/2024 12:30:44,179542.141,687458.633
3/21/2024 12:30:45,179542.155,687458.249
3/21/2024 12:30:46,179542.092,687457.833
3/21/2024 12:30:47,179542.152,687457.262
3/21/2024 12:30:48,179542.14,687456.949
3/21/2024 12:30:49,179541.984,687456.415
3/21/2024 12:30:50,179541.954,687456.044
3/21/2024 12:30:51,179541.765,687455.395
3/21/2024 12:30:52,179541.237,687454.776
3/21/2024 12:30:53,179541.48,687454.358
3/21/2024 12:30:54,179541.344,687453.673
3/21/2024 12:30:55,179541.204,687453.065
3/21/2024 12:30:56,179540.938,687452.372
3/21/2024 12:30:57,179540.719,687451.805
3/21/2024 12:30:58,179540.543,687451.242
3/21/2024 12:30:59,179540.386,687450.74
3/21/2024 12:31:00,179540.225,687450.265
3/21/2024 12:31:01,179540.1,687449.83
3/21/2024 12:31:02,179539.912,687449.302
3/21/2024 12:31:03,179539.733,687448.767
3/21/2024 12:31:04,179539.566,687448.146
3/21/2024 12:31:05,179539.431,687447.645
3/21/2024 12:31:06,179539.254,687447.207
3/21/2024 12:31:07,179539.202,687446.669
3/21/2024 12:31:08,179538.975,687446.239
3/21/2024 12:31:09,179538.926,687445.789
3/21/2024 12:31:10,179538.787,687445.327
3/21/2024 12:31:11,179538.698,687444.946
3/21/2024 12:31:12,179538.641,687444.57
3/21/2024 12:31:13,179538.532,687444.245
3/21/2024 12:31:14,179538.467,687443.785
3/21/2024 12:31:15,179538.425,687443.527
3/21/2024 12:31:16,179538.258,687443.19
3/21/2024 12:31:17,179538.201,687442.828
3/21/2024 12:31:18,179538.197,687442.518
3/21/2024 12:31:19,179538.179,687442.239
3/21/2024 12:31:20,179538.12,687441.887
3/21/2024 12:31:21,179538.073,687441.456
3/21/2024 12:31:22,179538.015,687441.066
3/21/2024 12:31:23,179538.047,687440.727
3/21/2024 12:31:24,179538.001,687440.296
3/21/2024 12:31:25,179537.991,687439.941
3/21/2024 12:31:26,179537.917,687439.706
3/21/2024 12:31:27,179537.859,687439.333
3/21/2024 12:31:28,179537.913,687438.966
3/21/2024 12:31:29,179537.898,687438.6
3/21/2024 12:31:30,179537.917,687438.282
3/21/2024 12:31:31,179537.909,687437.959
3/21/2024 12:31:32,179537.938,687437.675
3/21/2024 12:31:33,179537.948,687437.338
3/21/2024 12:31:34,179537.973,687437.204
3/21/2024 12:31:35,179537.99,687436.776
3/21/2024 12:31:36,179538.016,687436.482
3/21/2024 12:31:37,179538.021,687436.249
3/21/2024 12:31:38,179538.044,687435.945
3/21/2024 12:31:39,179538.077,687435.675
3/21/2024 12:31:40,179538.09,687435.419
3/21/2024 12:31:41,179538.126,687435.149
3/21/2024 12:31:42,179538.178,687434.854
3/21/2024 12:31:43,179538.207,687434.619
3/21/2024 12:31:44,179538.273,687434.49
3/21/2024 12:31:45,179538.296,687434.256
3/21/2024 12:31:46,179537.837,687433.842
3/21/2024 12:31:47,179537.858,687433.611
3/21/2024 12:31:48,179537.888,687433.413
3/21/2024 12:31:49,179537.891,687433.206
3/21/2024 12:31:50,179538.348,687433.22
3/21/2024 12:31:51,179538.368,687433.092
3/21/2024 12:31:52,179538.398,687432.868
3/21/2024 12:31:53,179538.502,687432.649
3/21/2024 12:31:54,179538.531,687432.399
3/21/2024 12:31:55,179538.52,687432.207
3/21/2024 12:31:56,179538.539,687432.03
3/21/2024 12:31:57,179538.539,687431.883
3/21/2024 12:31:58,179538.546,687431.677
3/21/2024 12:31:59,179538.55,687431.543
3/21/2024 12:32:00,179538.549,687431.364
3/21/2024 12:32:01,179538.558,687431.203
3/21/2024 12:32:02,179538.561,687431.068
3/21/2024 12:32:03,179538.531,687430.921
3/21/2024 12:32:04,179538.536,687430.743
3/21/2024 12:32:05,179538.51,687430.608
3/21/2024 12:32:06,179538.492,687430.48
3/21/2024 12:32:07,179538.473,687430.322
3/21/2024 12:32:08,179538.432,687430.207
3/21/2024 12:32:09,179538.399,687430.06
3/21/2024 12:32:10,179538.373,687429.9
3/21/2024 12:32:11,179538.332,687429.8
3/21/2024 12:32:12,179538.359,687429.678
3/21/2024 12:32:13,179538.33,687429.52
3/21/2024 12:32:14,179538.198,687429.481
3/21/2024 12:32:15,179538.181,687429.362
3/21/2024 12:32:16,179537.656,687429.014
3/21/2024 12:32:17,179538.106,687429.003
3/21/2024 12:32:18,179538.089,687428.769
3/21/2024 12:32:19,179538.063,687428.368
3/21/2024 12:32:20,179538.027,687428.134
3/21/2024 12:32:21,179538.017,687427.836
3/21/2024 12:32:22,179537.991,687427.574
3/21/2024 12:32:23,179537.943,687427.34
3/21/2024 12:32:24,179537.977,687427.067
3/21/2024 12:32:25,179537.914,687426.867
3/21/2024 12:32:26,179537.938,687426.584
3/21/2024 12:32:27,179537.975,687426.34
3/21/2024 12:32:28,179538.028,687426.163
3/21/2024 12:32:29,179537.935,687425.99
3/21/2024 12:32:30,179537.906,687425.769
3/21/2024 12:32:31,179537.858,687425.436
3/21/2024 12:32:32,179537.896,687425.259
3/21/2024 12:32:33,179537.88,687425.086
3/21/2024 12:32:34,179537.85,687424.93
3/21/2024 12:32:35,179537.925,687424.879
3/21/2024 12:32:36,179537.868,687424.742
3/21/2024 12:32:37,179537.89,687424.449
3/21/2024 12:32:38,179537.852,687424.104
3/21/2024 12:32:39,179537.844,687423.698
3/21/2024 12:32:40,179537.843,687423.3
3/21/2024 12:32:41,179537.859,687422.847
3/21/2024 12:32:42,179537.872,687422.39
3/21/2024 12:32:43,179538.045,687421.834
3/21/2024 12:32:44,179538.029,687421.561
3/21/2024 12:32:45,179537.992,687421.213
3/21/2024 12:32:46,179538.021,687420.903
3/21/2024 12:32:47,179537.979,687420.516
3/21/2024 12:32:48,179538.002,687420.282
3/21/2024 12:32:49,179538.053,687420.008
3/21/2024 12:32:50,179538.109,687419.781
3/21/2024 12:32:51,179538.164,687419.588
3/21/2024 12:32:52,179538.207,687419.37
3/21/2024 12:32:53,179538.279,687419.215
3/21/2024 12:32:54,179538.253,687419.094
3/21/2024 12:32:55,179538.273,687419.033
3/21/2024 12:32:56,179538.299,687418.82
3/21/2024 12:32:57,179538.303,687418.609
3/21/2024 12:32:58,179538.448,687418.373
3/21/2024 12:32:59,179538.518,687418.07
3/21/2024 12:33:00,179538.617,687417.841
3/21/2024 12:33:01,179538.802,687417.556
3/21/2024 12:33:02,179538.88,687417.359
3/21/2024 12:33:03,179538.951,687417.137
3/21/2024 12:33:04,179539.018,687416.948
3/21/2024 12:33:05,179539.061,687416.772
3/21/2024 12:33:06,179539.11,687416.679
3/21/2024 12:33:07,179539.237,687416.517
3/21/2024 12:33:08,179539.278,687416.365
3/21/2024 12:33:09,179539.303,687416.216
3/21/2024 12:33:10,179539.304,687416.001
3/21/2024 12:33:11,179539.323,687415.828
3/21/2024 12:33:12,179539.309,687415.654
3/21/2024 12:33:13,179539.295,687415.485
3/21/2024 12:33:14,179539.248,687415.29
3/21/2024 12:33:15,179539.234,687415.116
3/21/2024 12:33:16,179539.114,687414.981
3/21/2024 12:33:17,179539.11,687414.809
3/21/2024 12:33:18,179538.676,687414.574
3/21/2024 12:33:19,179538.623,687414.43
3/21/2024 12:33:20,179538.591,687414.329
3/21/2024 12:33:21,179538.55,687414.192
3/21/2024 12:33:22,179538.485,687414.115
3/21/2024 12:33:23,179538.484,687413.982
3/21/2024 12:33:24,179538.45,687413.866
3/21/2024 12:33:25,179538.538,687413.765
3/21/2024 12:33:26,179538.611,687413.513
3/21/2024 12:33:27,179538.663,687413.298
3/21/2024 12:33:28,179538.756,687413.115
3/21/2024 12:33:29,179538.956,687412.864
3/21/2024 12:33:30,179539.06,687412.613
3/21/2024 12:33:31,179539.165,687412.438
3/21/2024 12:33:32,179539.171,687412.257
3/21/2024 12:33:33,179539.274,687412.1
3/21/2024 12:33:34,179539.371,687411.922
3/21/2024 12:33:35,179539.392,687411.641
3/21/2024 12:33:36,179539.516,687411.574
3/21/2024 12:33:37,179539.494,687411.547
3/21/2024 12:33:38,179539.605,687411.368
3/21/2024 12:33:39,179539.707,687411.239
3/21/2024 12:33:40,179539.818,687411.131
3/21/2024 12:33:41,179539.896,687411.027
3/21/2024 12:33:42,179539.976,687410.92
3/21/2024 12:33:43,179540.045,687410.84
3/21/2024 12:33:44,179540.141,687410.708
3/21/2024 12:33:45,179540.065,687410.708
3/21/2024 12:33:46,179540.134,687410.611
3/21/2024 12:33:47,179540.15,687410.559
3/21/2024 12:33:48,179540.199,687410.448
3/21/2024 12:33:49,179540.295,687410.314
3/21/2024 12:33:50,179540.185,687410.129
3/21/2024 12:33:51,179540.171,687410.048
3/21/2024 12:33:52,179540.155,687409.942
3/21/2024 12:33:53,179540.113,687409.857
3/21/2024 12:33:54,179540.063,687409.768
3/21/2024 12:33:55,179540.404,687409.737
3/21/2024 12:33:56,179540.349,687409.644
3/21/2024 12:33:57,179540.294,687409.558
3/21/2024 12:33:58,179540.262,687409.467
3/21/2024 12:33:59,179540.199,687409.398
3/21/2024 12:34:00,179540.159,687409.308
3/21/2024 12:34:01,179540.079,687409.221
3/21/2024 12:34:02,179540.028,687409.182
3/21/2024 12:34:03,179540.063,687409.076
3/21/2024 12:34:04,179540.046,687408.91
3/21/2024 12:34:05,179540.04,687408.74
3/21/2024 12:34:06,179540.03,687408.565
3/21/2024 12:34:07,179539.952,687408.331
3/21/2024 12:34:08,179539.969,687407.96
3/21/2024 12:34:09,179540.017,687407.544
3/21/2024 12:34:10,179540.049,687407.264
3/21/2024 12:34:11,179540.116,687406.909
3/21/2024 12:34:12,179540.074,687406.633
3/21/2024 12:34:13,179540.116,687406.31
3/21/2024 12:34:14,179540.126,687406.058
3/21/2024 12:34:15,179540.099,687405.745
3/21/2024 12:34:16,179540.138,687405.52
3/21/2024 12:34:17,179540.198,687405.33
3/21/2024 12:34:18,179540.039,687405.06
3/21/2024 12:34:19,179539.998,687404.82
3/21/2024 12:34:20,179539.934,687404.629
3/21/2024 12:34:21,179539.896,687404.377
3/21/2024 12:34:22,179539.878,687404.182
3/21/2024 12:34:23,179539.844,687403.997
3/21/2024 12:34:24,179539.836,687403.843
3/21/2024 12:34:25,179539.838,687403.638
3/21/2024 12:34:26,179539.89,687403.448
3/21/2024 12:34:27,179539.925,687403.148
3/21/2024 12:34:28,179540.015,687402.758
3/21/2024 12:34:29,179540.115,687402.33
3/21/2024 12:34:30,179540.185,687401.966
3/21/2024 12:34:31,179540.244,687401.628
3/21/2024 12:34:32,179540.306,687401.314
3/21/2024 12:34:33,179540.366,687401.02
3/21/2024 12:34:34,179540.411,687400.757
3/21/2024 12:34:35,179540.462,687400.498
3/21/2024 12:34:36,179540.494,687400.261
3/21/2024 12:34:37,179540.542,687400.028
3/21/2024 12:34:38,179540.578,687399.814
3/21/2024 12:34:39,179540.616,687399.603
3/21/2024 12:34:40,179540.651,687399.397
3/21/2024 12:34:41,179540.689,687399.203
3/21/2024 12:34:42,179540.732,687399.03
3/21/2024 12:34:43,179540.764,687398.876
3/21/2024 12:34:44,179540.801,687398.712
3/21/2024 12:34:45,179540.835,687398.585
3/21/2024 12:34:46,179540.85,687398.461
3/21/2024 12:34:47,179540.863,687398.356
3/21/2024 12:34:48,179540.863,687398.283
3/21/2024 12:34:49,179540.86,687398.201
3/21/2024 12:34:50,179540.859,687398.145
3/21/2024 12:34:51,179540.837,687398.096
3/21/2024 12:34:52,179540.825,687398.047
3/21/2024 12:34:53,179540.805,687398.016
3/21/2024 12:34:54,179540.777,687397.991
3/21/2024 12:34:55,179540.738,687398.082
3/21/2024 12:34:56,179540.763,687398.031
3/21/2024 12:34:57,179540.695,687398.064
3/21/2024 12:34:58,179540.736,687398.14
3/21/2024 12:34:59,179540.747,687398.257
3/21/2024 12:35:00,179540.744,687398.315
3/21/2024 12:35:01,179540.672,687398.377
3/21/2024 12:35:02,179540.657,687398.421
3/21/2024 12:35:03,179540.639,687398.482
3/21/2024 12:35:04,179540.524,687398.487
3/21/2024 12:35:05,179540.471,687398.534
3/21/2024 12:35:06,179540.436,687398.598
3/21/2024 12:35:07,179540.31,687398.696
3/21/2024 12:35:08,179540.244,687398.799
3/21/2024 12:35:09,179540.165,687398.914
3/21/2024 12:35:10,179540.13,687399.085
3/21/2024 12:35:11,179540.105,687399.226
3/21/2024 12:35:12,179540.041,687399.408
3/21/2024 12:35:13,179540.016,687399.578
3/21/2024 12:35:14,179539.97,687399.743
3/21/2024 12:35:15,179539.975,687399.947
3/21/2024 12:35:16,179540.084,687400.107
3/21/2024 12:35:17,179539.95,687400.272
3/21/2024 12:35:18,179539.914,687400.438
3/21/2024 12:35:19,179539.795,687400.582
3/21/2024 12:35:20,179539.708,687400.743
3/21/2024 12:35:21,179539.578,687400.912
3/21/2024 12:35:22,179539.523,687401.096
3/21/2024 12:35:23,179539.455,687401.341
3/21/2024 12:35:24,179539.42,687401.582
3/21/2024 12:35:25,179539.459,687401.792
3/21/2024 12:35:26,179539.572,687401.986
3/21/2024 12:35:27,179539.786,687402.18
3/21/2024 12:35:28,179539.887,687402.34
3/21/2024 12:35:29,179540.034,687402.486
3/21/2024 12:35:30,179540.158,687402.616
3/21/2024 12:35:31,179540.288,687402.692
3/21/2024 12:35:32,179540.415,687402.758
3/21/2024 12:35:33,179540.532,687402.803
3/21/2024 12:35:34,179540.563,687402.801
3/21/2024 12:35:35,179540.654,687402.882
3/21/2024 12:35:36,179540.815,687402.911
3/21/2024 12:35:37,179540.958,687402.822
3/21/2024 12:35:38,179540.848,687402.802
3/21/2024 12:35:39,179540.836,687402.74
3/21/2024 12:35:40,179540.852,687402.655
3/21/2024 12:35:41,179540.812,687402.581
3/21/2024 12:35:42,179540.83,687402.459
3/21/2024 12:35:43,179540.8,687402.385
3/21/2024 12:35:44,179540.703,687402.332
3/21/2024 12:35:45,179540.604,687402.29
3/21/2024 12:35:46,179540.439,687402.29
3/21/2024 12:35:47,179540.368,687402.217
3/21/2024 12:35:48,179540.316,687402.165
3/21/2024 12:35:49,179540.228,687402.126
3/21/2024 12:35:50,179540.088,687402.129
3/21/2024 12:35:51,179540.011,687402.24
3/21/2024 12:35:52,179540.13,687402.064
3/21/2024 12:35:53,179539.98,687401.987
3/21/2024 12:35:54,179539.84,687401.934
3/21/2024 12:35:55,179539.772,687401.95
3/21/2024 12:35:56,179539.683,687401.924
3/21/2024 12:35:57,179539.682,687401.927
3/21/2024 12:35:58,179539.753,687401.92
3/21/2024 12:35:59,179539.931,687402.03
3/21/2024 12:36:00,179539.927,687401.986
3/21/2024 12:36:01,179539.871,687401.983
3/21/2024 12:36:02,179539.937,687401.95
3/21/2024 12:36:03,179540.093,687401.885
3/21/2024 12:36:04,179540.272,687401.815
3/21/2024 12:36:05,179540.488,687401.764
3/21/2024 12:36:06,179540.74,687401.686
3/21/2024 12:36:07,179541.02,687401.707
3/21/2024 12:36:08,179541.193,687401.719
3/21/2024 12:36:09,179541.384,687401.697
3/21/2024 12:36:10,179541.576,687401.701
3/21/2024 12:36:11,179541.757,687401.725
3/21/2024 12:36:12,179541.912,687401.723
3/21/2024 12:36:13,179542.1,687401.793
3/21/2024 12:36:14,179542.302,687401.907
3/21/2024 12:36:15,179542.503,687402.06
3/21/2024 12:36:16,179542.654,687402.252
3/21/2024 12:36:17,179542.811,687402.478
3/21/2024 12:36:18,179542.972,687402.771
3/21/2024 12:36:19,179543.043,687403.024
3/21/2024 12:36:20,179543.123,687403.293
3/21/2024 12:36:21,179543.179,687403.581
3/21/2024 12:36:22,179543.197,687403.793
3/21/2024 12:36:23,179543.204,687403.997
3/21/2024 12:36:24,179543.204,687404.133
3/21/2024 12:36:25,179543.198,687404.351
3/21/2024 12:36:26,179543.235,687404.441
3/21/2024 12:36:27,179543.249,687404.64
3/21/2024 12:36:28,179543.189,687404.937
3/21/2024 12:36:29,179543.102,687405.292
3/21/2024 12:36:30,179542.959,687405.659
3/21/2024 12:36:31,179542.838,687405.961
3/21/2024 12:36:32,179542.681,687406.257
3/21/2024 12:36:33,179542.504,687406.547
3/21/2024 12:36:34,179542.178,687406.815
3/21/2024 12:36:35,179542.015,687407.145
3/21/2024 12:36:36,179541.758,687407.301
3/21/2024 12:36:37,179541.55,687407.669
3/21/2024 12:36:38,179541.425,687407.992
3/21/2024 12:36:39,179541.201,687408.252
3/21/2024 12:36:40,179541.004,687408.535
3/21/2024 12:36:41,179540.79,687408.788
3/21/2024 12:36:42,179540.586,687409.064
3/21/2024 12:36:43,179540.41,687409.307
3/21/2024 12:36:44,179540.203,687409.68
3/21/2024 12:36:45,179539.989,687410.123
3/21/2024 12:36:46,179539.839,687410.419
3/21/2024 12:36:47,179539.684,687410.706
3/21/2024 12:36:48,179539.553,687411.006
3/21/2024 12:36:49,179539.435,687411.26
3/21/2024 12:36:50,179539.241,687411.465
3/21/2024 12:36:51,179539.137,687411.699
3/21/2024 12:36:52,179539.034,687411.96
3/21/2024 12:36:53,179538.95,687412.164
3/21/2024 12:36:54,179538.868,687412.359
3/21/2024 12:36:55,179538.85,687412.631
3/21/2024 12:36:56,179538.788,687412.942
3/21/2024 12:36:57,179538.717,687413.35
3/21/2024 12:36:58,179538.664,687413.684
3/21/2024 12:36:59,179538.606,687414.014
3/21/2024 12:37:00,179538.546,687414.33
3/21/2024 12:37:01,179538.489,687414.66
3/21/2024 12:37:02,179538.439,687414.935
3/21/2024 12:37:03,179538.378,687415.2
3/21/2024 12:37:04,179538.325,687415.49
3/21/2024 12:37:05,179538.305,687415.738
3/21/2024 12:37:06,179538.27,687416.153
3/21/2024 12:37:07,179538.264,687416.582
3/21/2024 12:37:08,179538.284,687417.032
3/21/2024 12:37:09,179538.297,687417.417
3/21/2024 12:37:10,179538.281,687417.807
3/21/2024 12:37:11,179538.312,687418.175
3/21/2024 12:37:12,179538.377,687418.545
3/21/2024 12:37:13,179538.3,687418.959
3/21/2024 12:37:14,179538.349,687419.271
3/21/2024 12:37:15,179538.374,687419.566
3/21/2024 12:37:16,179538.391,687419.979
3/21/2024 12:37:17,179538.487,687420.279
3/21/2024 12:37:18,179538.52,687420.541
3/21/2024 12:37:19,179538.546,687420.798
3/21/2024 12:37:20,179538.58,687421.047
3/21/2024 12:37:21,179538.636,687421.278
3/21/2024 12:37:22,179538.701,687421.537
3/21/2024 12:37:23,179538.756,687421.743
3/21/2024 12:37:24,179538.858,687421.991
3/21/2024 12:37:25,179538.91,687422.189
3/21/2024 12:37:26,179538.996,687422.4
3/21/2024 12:37:27,179539.086,687422.585
3/21/2024 12:37:28,179539.082,687422.72
3/21/2024 12:37:29,179539.263,687423.109
3/21/2024 12:37:30,179539.287,687423.397
3/21/2024 12:37:31,179539.431,687423.576
3/21/2024 12:37:32,179539.453,687423.733
3/21/2024 12:37:33,179539.577,687423.931
3/21/2024 12:37:34,179539.721,687424.194
3/21/2024 12:37:35,179539.796,687424.355
3/21/2024 12:37:36,179539.89,687424.544
3/21/2024 12:37:37,179539.977,687424.731
3/21/2024 12:37:38,179540.05,687424.859
3/21/2024 12:37:39,179540.115,687425.002
3/21/2024 12:37:40,179540.198,687425.15
3/21/2024 12:37:41,179540.284,687425.282
3/21/2024 12:37:42,179540.38,687425.447
3/21/2024 12:37:43,179540.484,687425.561
3/21/2024 12:37:44,179540.602,687425.652
3/21/2024 12:37:45,179540.666,687425.772
3/21/2024 12:37:46,179540.76,687425.901
3/21/2024 12:37:47,179540.841,687425.964
3/21/2024 12:37:48,179540.919,687426.036
3/21/2024 12:37:49,179541.0,687426.108
3/21/2024 12:37:50,179541.08,687426.163
3/21/2024 12:37:51,179541.186,687426.259
3/21/2024 12:37:52,179541.269,687426.321
3/21/2024 12:37:53,179541.359,687426.373
3/21/2024 12:37:54,179541.432,687426.426
3/21/2024 12:37:55,179541.533,687426.472
3/21/2024 12:37:56,179541.612,687426.529
3/21/2024 12:37:57,179541.698,687426.556
3/21/2024 12:37:58,179541.796,687426.595
3/21/2024 12:37:59,179541.891,687426.617
3/21/2024 12:38:00,179541.989,687426.65
3/21/2024 12:38:01,179542.079,687426.831
3/21/2024 12:38:02,179542.179,687427.03
3/21/2024 12:38:03,179542.268,687427.29
3/21/2024 12:38:04,179542.296,687427.533
3/21/2024 12:38:05,179542.339,687427.847
3/21/2024 12:38:06,179542.365,687428.191
3/21/2024 12:38:07,179542.316,687428.58
3/21/2024 12:38:08,179542.343,687428.923
3/21/2024 12:38:09,179542.338,687429.28
3/21/2024 12:38:10,179542.327,687429.581
3/21/2024 12:38:11,179542.313,687429.877
3/21/2024 12:38:12,179542.275,687430.17
3/21/2024 12:38:13,179542.247,687430.432
3/21/2024 12:38:14,179542.213,687430.676
3/21/2024 12:38:15,179542.184,687430.91
3/21/2024 12:38:16,179542.164,687431.13
3/21/2024 12:38:17,179542.152,687431.374
3/21/2024 12:38:18,179542.119,687431.507
3/21/2024 12:38:19,179542.086,687431.727
3/21/2024 12:38:20,179542.054,687431.934
3/21/2024 12:38:21,179542.038,687432.174
3/21/2024 12:38:22,179541.959,687432.557
3/21/2024 12:38:23,179541.898,687432.895
3/21/2024 12:38:24,179541.811,687433.3
3/21/2024 12:38:25,179541.705,687433.76
3/21/2024 12:38:26,179541.631,687434.109
3/21/2024 12:38:27,179541.512,687434.412
3/21/2024 12:38:28,179541.41,687434.788
3/21/2024 12:38:29,179541.324,687435.125
3/21/2024 12:38:30,179541.225,687435.427
3/21/2024 12:38:31,179541.122,687435.727
3/21/2024 12:38:32,179541.025,687436.01
3/21/2024 12:38:33,179540.927,687436.293
3/21/2024 12:38:34,179540.811,687436.549
3/21/2024 12:38:35,179540.7,687436.787
3/21/2024 12:38:36,179540.476,687437.116
3/21/2024 12:38:37,179540.364,687437.536
3/21/2024 12:38:38,179540.236,687437.986
3/21/2024 12:38:39,179540.115,687438.359
3/21/2024 12:38:40,179540.015,687438.69
3/21/2024 12:38:41,179539.857,687439.051
3/21/2024 12:38:42,179539.764,687439.378
3/21/2024 12:38:43,179539.662,687439.761
3/21/2024 12:38:44,179539.53,687440.208
3/21/2024 12:38:45,179539.41,687440.718
3/21/2024 12:38:46,179539.408,687441.035
3/21/2024 12:38:47,179539.166,687441.341
3/21/2024 12:38:48,179539.096,687441.737
3/21/2024 12:38:49,179539.176,687442.214
3/21/2024 12:38:50,179539.057,687442.532
3/21/2024 12:38:51,179539.003,687443.038
3/21/2024 12:38:52,179538.902,687443.53
3/21/2024 12:38:53,179538.863,687444.106
3/21/2024 12:38:54,179538.853,687444.695
3/21/2024 12:38:55,179538.851,687445.316
3/21/2024 12:38:56,179538.872,687445.989
3/21/2024 12:38:57,179538.913,687446.677
3/21/2024 12:38:58,179538.981,687447.39
3/21/2024 12:38:59,179539.12,687448.134
3/21/2024 12:39:00,179539.31,687448.886
3/21/2024 12:39:01,179539.539,687449.648
3/21/2024 12:39:02,179539.845,687450.352
3/21/2024 12:39:03,179540.15,687450.982
3/21/2024 12:39:04,179540.607,687451.61
3/21/2024 12:39:05,179541.093,687452.155
3/21/2024 12:39:06,179541.62,687452.608
3/21/2024 12:39:07,179542.184,687452.964
3/21/2024 12:39:08,179542.742,687453.225
3/21/2024 12:39:09,179543.279,687453.387
3/21/2024 12:39:10,179543.795,687453.483
3/21/2024 12:39:11,179544.304,687453.516
3/21/2024 12:39:12,179544.749,687453.468
3/21/2024 12:39:13,179545.157,687453.358
3/21/2024 12:39:14,179545.518,687453.24
3/21/2024 12:39:15,179545.825,687453.043
3/21/2024 12:39:16,179546.046,687452.823
3/21/2024 12:39:17,179546.243,687452.613
3/21/2024 12:39:18,179546.377,687452.396
3/21/2024 12:39:19,179546.475,687452.191
3/21/2024 12:39:20,179546.536,687451.995
3/21/2024 12:39:21,179546.602,687451.796
3/21/2024 12:39:22,179546.619,687451.564
3/21/2024 12:39:23,179546.635,687451.322
3/21/2024 12:39:24,179546.617,687451.046
3/21/2024 12:39:25,179546.567,687450.775
3/21/2024 12:39:26,179546.506,687450.473
3/21/2024 12:39:27,179546.427,687450.151
3/21/2024 12:39:28,179546.303,687449.788
3/21/2024 12:39:29,179546.231,687449.436
3/21/2024 12:39:30,179546.104,687449.093
3/21/2024 12:39:31,179545.984,687448.785
3/21/2024 12:39:32,179545.883,687448.502
3/21/2024 12:39:33,179545.768,687448.248
3/21/2024 12:39:34,179545.668,687448.014
3/21/2024 12:39:35,179545.554,687447.79
3/21/2024 12:39:36,179545.442,687447.577
3/21/2024 12:39:37,179545.345,687447.384
3/21/2024 12:39:38,179545.248,687447.091
3/21/2024 12:39:39,179545.135,687446.742
3/21/2024 12:39:40,179545.042,687446.348
3/21/2024 12:39:41,179544.944,687445.894
3/21/2024 12:39:42,179544.857,687445.398
3/21/2024 12:39:43,179544.771,687444.856
3/21/2024 12:39:44,179544.686,687444.262
3/21/2024 12:39:45,179544.58,687443.627
3/21/2024 12:39:46,179544.479,687442.942
3/21/2024 12:39:47,179544.378,687442.235
3/21/2024 12:39:48,179544.27,687441.495
3/21/2024 12:39:49,179544.154,687440.731
3/21/2024 12:39:50,179544.043,687440.027
3/21/2024 12:39:51,179543.944,687439.371
3/21/2024 12:39:52,179543.84,687438.747
3/21/2024 12:39:53,179543.73,687438.144
3/21/2024 12:39:54,179543.642,687437.571
3/21/2024 12:39:55,179543.581,687437.012
3/21/2024 12:39:56,179543.517,687436.48
3/21/2024 12:39:57,179543.461,687435.94
3/21/2024 12:39:58,179543.424,687435.426
3/21/2024 12:39:59,179543.399,687434.953
3/21/2024 12:40:00,179543.36,687434.477
3/21/2024 12:40:01,179543.349,687433.985
3/21/2024 12:40:02,179543.326,687433.64
3/21/2024 12:40:03,179543.269,687433.127
3/21/2024 12:40:04,179543.213,687432.618
3/21/2024 12:40:05,179543.218,687432.183
3/21/2024 12:40:06,179543.284,687431.723
3/21/2024 12:40:07,179543.292,687431.348
3/21/2024 12:40:08,179543.293,687430.89
3/21/2024 12:40:09,179543.229,687430.361
3/21/2024 12:40:10,179543.161,687429.851
3/21/2024 12:40:11,179543.106,687429.404
3/21/2024 12:40:12,179543.071,687428.957
3/21/2024 12:40:13,179543.024,687428.513
3/21/2024 12:40:14,179542.975,687428.087
3/21/2024 12:40:15,179542.92,687427.661
3/21/2024 12:40:16,179542.862,687427.26
3/21/2024 12:40:17,179542.802,687426.875
3/21/2024 12:40:18,179542.735,687426.491
3/21/2024 12:40:19,179542.684,687426.116
3/21/2024 12:40:20,179542.613,687425.75
3/21/2024 12:40:21,179542.541,687425.391
3/21/2024 12:40:22,179542.451,687425.034
3/21/2024 12:40:23,179542.372,687424.689
3/21/2024 12:40:24,179542.308,687424.351
3/21/2024 12:40:25,179542.26,687424.042
3/21/2024 12:40:26,179542.201,687423.677
3/21/2024 12:40:27,179542.15,687423.275
3/21/2024 12:40:28,179542.093,687422.825
3/21/2024 12:40:29,179542.005,687422.295
3/21/2024 12:40:30,179541.901,687421.724
3/21/2024 12:40:31,179541.806,687421.127
3/21/2024 12:40:32,179541.721,687420.574
3/21/2024 12:40:33,179541.658,687420.034
3/21/2024 12:40:34,179541.586,687419.518
3/21/2024 12:40:35,179541.53,687419.015
3/21/2024 12:40:36,179541.48,687418.529
3/21/2024 12:40:37,179541.433,687418.048
3/21/2024 12:40:38,179541.39,687417.589
3/21/2024 12:40:39,179541.347,687417.14
3/21/2024 12:40:40,179541.314,687416.705
3/21/2024 12:40:41,179541.281,687416.279
3/21/2024 12:40:42,179541.242,687415.868
3/21/2024 12:40:43,179541.239,687415.465
3/21/2024 12:40:44,179541.215,687415.078
3/21/2024 12:40:45,179541.199,687414.705
3/21/2024 12:40:46,179541.181,687414.343
3/21/2024 12:40:47,179541.15,687413.982
3/21/2024 12:40:48,179541.134,687413.63
3/21/2024 12:40:49,179541.14,687413.381
3/21/2024 12:40:50,179541.137,687413.049
3/21/2024 12:40:51,179541.107,687412.729
3/21/2024 12:40:52,179541.121,687412.433
3/21/2024 12:40:53,179541.12,687412.136
3/21/2024 12:40:54,179541.113,687411.851
3/21/2024 12:40:55,179541.112,687411.573
3/21/2024 12:40:56,179541.119,687411.302
3/21/2024 12:40:57,179541.119,687411.039
3/21/2024 12:40:58,179541.104,687410.773
3/21/2024 12:40:59,179541.096,687410.502
3/21/2024 12:41:00,179541.1,687410.269
3/21/2024 12:41:01,179541.083,687410.016
3/21/2024 12:41:02,179541.082,687409.772
3/21/2024 12:41:03,179541.064,687409.534
3/21/2024 12:41:04,179541.047,687409.297
3/21/2024 12:41:05,179541.063,687409.084
3/21/2024 12:41:06,179541.06,687408.892
3/21/2024 12:41:07,179541.048,687408.67
3/21/2024 12:41:08,179541.03,687408.461
3/21/2024 12:41:09,179541.006,687408.234
3/21/2024 12:41:10,179540.976,687408.022
3/21/2024 12:41:11,179540.955,687407.817
3/21/2024 12:41:12,179540.933,687407.624
3/21/2024 12:41:13,179540.919,687407.419
3/21/2024 12:41:14,179540.878,687407.229
3/21/2024 12:41:15,179540.874,687407.032
3/21/2024 12:41:16,179540.847,687406.767
3/21/2024 12:41:17,179540.842,687406.45
3/21/2024 12:41:18,179540.814,687406.126
3/21/2024 12:41:19,179540.794,687405.819
3/21/2024 12:41:20,179540.777,687405.52
3/21/2024 12:41:21,179540.728,687405.226
3/21/2024 12:41:22,179540.718,687404.956
3/21/2024 12:41:23,179540.71,687404.69
3/21/2024 12:41:24,179540.687,687404.426
3/21/2024 12:41:25,179540.675,687404.069
3/21/2024 12:41:26,179540.668,687403.694
3/21/2024 12:41:27,179540.65,687403.337
3/21/2024 12:41:28,179540.618,687403.003
3/21/2024 12:41:29,179540.599,687402.685
3/21/2024 12:41:30,179540.575,687402.377
3/21/2024 12:41:31,179540.551,687402.095
3/21/2024 12:41:32,179540.467,687401.827
3/21/2024 12:41:33,179540.418,687401.591
3/21/2024 12:41:34,179540.396,687401.344
3/21/2024 12:41:35,179540.38,687401.043
3/21/2024 12:41:36,179540.409,687400.725
3/21/2024 12:41:37,179540.436,687400.43
3/21/2024 12:41:38,179540.47,687400.159
3/21/2024 12:41:39,179540.546,687399.945
3/21/2024 12:41:40,179540.593,687399.71
3/21/2024 12:41:41,179540.699,687399.434
3/21/2024 12:41:42,179540.834,687399.109
3/21/2024 12:41:43,179540.95,687398.798
3/21/2024 12:41:44,179541.087,687398.53
3/21/2024 12:41:45,179541.211,687398.289
3/21/2024 12:41:46,179541.319,687398.076
3/21/2024 12:41:47,179541.453,687397.91
3/21/2024 12:41:48,179541.245,687397.657
3/21/2024 12:41:49,179541.386,687397.55
3/21/2024 12:41:50,179541.536,687397.479
3/21/2024 12:41:51,179541.696,687397.429
3/21/2024 12:41:52,179541.853,687397.398
3/21/2024 12:41:53,179542.018,687397.405
3/21/2024 12:41:54,179542.193,687397.418
3/21/2024 12:41:55,179542.363,687397.444
3/21/2024 12:41:56,179542.529,687397.471
3/21/2024 12:41:57,179542.691,687397.503
3/21/2024 12:41:58,179542.847,687397.535
3/21/2024 12:41:59,179542.992,687397.562
3/21/2024 12:42:00,179543.136,687397.603
3/21/2024 12:42:01,179543.21,687397.564
3/21/2024 12:42:02,179543.323,687397.679
3/21/2024 12:42:03,179543.388,687397.787
3/21/2024 12:42:04,179543.382,687397.858
3/21/2024 12:42:05,179543.437,687398.106
3/21/2024 12:42:06,179543.357,687398.299
3/21/2024 12:42:07,179543.298,687398.541
3/21/2024 12:42:08,179543.259,687398.802
3/21/2024 12:42:09,179543.185,687399.039
3/21/2024 12:42:10,179543.152,687399.287
3/21/2024 12:42:11,179543.114,687399.507
3/21/2024 12:42:12,179543.075,687399.74
3/21/2024 12:42:13,179543.041,687399.962
3/21/2024 12:42:14,179542.986,687400.133
3/21/2024 12:42:15,179542.986,687400.238
3/21/2024 12:42:16,179542.94,687400.235
3/21/2024 12:42:17,179542.854,687400.173
3/21/2024 12:42:18,179542.8,687399.974
3/21/2024 12:42:19,179542.714,687399.777
3/21/2024 12:42:20,179542.653,687399.606
3/21/2024 12:42:21,179542.587,687399.441
3/21/2024 12:42:22,179542.509,687399.281
3/21/2024 12:42:23,179542.446,687399.129
3/21/2024 12:42:24,179542.359,687398.993
3/21/2024 12:42:25,179542.295,687398.85
3/21/2024 12:42:26,179542.207,687398.716
3/21/2024 12:42:27,179542.148,687398.597
3/21/2024 12:42:28,179542.129,687398.45
3/21/2024 12:42:29,179542.048,687398.328
3/21/2024 12:42:30,179541.962,687398.208
3/21/2024 12:42:31,179541.879,687398.097
3/21/2024 12:42:32,179541.833,687397.961
3/21/2024 12:42:33,179541.786,687397.862
3/21/2024 12:42:34,179541.737,687397.75
3/21/2024 12:42:35,179541.693,687397.636
3/21/2024 12:42:36,179541.676,687397.533
3/21/2024 12:42:37,179541.474,687397.436
3/21/2024 12:42:38,179541.376,687397.343
3/21/2024 12:42:39,179541.359,687397.215
3/21/2024 12:42:40,179541.208,687397.143
3/21/2024 12:42:41,179541.123,687397.063
3/21/2024 12:42:42,179541.048,687396.973
3/21/2024 12:42:43,179540.922,687396.897
3/21/2024 12:42:44,179540.815,687396.837
3/21/2024 12:42:45,179540.705,687396.771
3/21/2024 12:42:46,179540.579,687396.751
3/21/2024 12:42:47,179540.465,687396.712
3/21/2024 12:42:48,179540.317,687396.695
3/21/2024 12:42:49,179540.135,687396.737
3/21/2024 12:42:50,179540.022,687396.739
3/21/2024 12:42:51,179539.887,687396.802
3/21/2024 12:42:52,179539.733,687396.961
3/21/2024 12:42:53,179539.648,687397.136
3/21/2024 12:42:54,179539.592,687397.351
3/21/2024 12:42:55,179539.561,687397.566
3/21/2024 12:42:56,179539.545,687397.802
3/21/2024 12:42:57,179539.546,687398.053
3/21/2024 12:42:58,179539.577,687398.304
3/21/2024 12:42:59,179539.627,687398.474
3/21/2024 12:43:00,179539.679,687398.752
3/21/2024 12:43:01,179539.751,687399.003
3/21/2024 12:43:02,179539.766,687399.198
3/21/2024 12:43:03,179539.719,687399.479
3/21/2024 12:43:04,179539.645,687399.734
3/21/2024 12:43:05,179539.591,687400.004
3/21/2024 12:43:06,179539.556,687400.276
3/21/2024 12:43:07,179539.531,687400.508
3/21/2024 12:43:08,179539.489,687400.723
3/21/2024 12:43:09,179539.469,687400.966
3/21/2024 12:43:10,179539.453,687401.187
3/21/2024 12:43:11,179539.423,687401.4
3/21/2024 12:43:12,179539.419,687401.619
3/21/2024 12:43:13,179539.403,687401.823
3/21/2024 12:43:14,179539.384,687402.02
3/21/2024 12:43:15,179539.382,687402.226
3/21/2024 12:43:16,179539.372,687402.412
3/21/2024 12:43:17,179539.368,687402.609
3/21/2024 12:43:18,179539.374,687402.809
3/21/2024 12:43:19,179539.353,687402.992
3/21/2024 12:43:20,179539.33,687403.168
3/21/2024 12:43:21,179539.379,687403.375
3/21/2024 12:43:22,179539.355,687403.54
3/21/2024 12:43:23,179539.363,687403.732
3/21/2024 12:43:24,179539.37,687403.919
3/21/2024 12:43:25,179539.378,687404.104
3/21/2024 12:43:26,179539.397,687404.284
3/21/2024 12:43:27,179539.396,687404.456
3/21/2024 12:43:28,179539.452,687404.663
3/21/2024 12:43:29,179539.393,687404.854
3/21/2024 12:43:30,179539.362,687405.114
3/21/2024 12:43:31,179539.281,687405.49
3/21/2024 12:43:32,179539.271,687405.884
3/21/2024 12:43:33,179539.2,687406.231
3/21/2024 12:43:34,179539.153,687406.575
3/21/2024 12:43:35,179539.1,687406.922
3/21/2024 12:43:36,179539.03,687407.235
3/21/2024 12:43:37,179538.953,687407.559
3/21/2024 12:43:38,179538.868,687407.885
3/21/2024 12:43:39,179538.785,687408.192
3/21/2024 12:43:40,179538.671,687408.493
3/21/2024 12:43:41,179538.614,687408.804
3/21/2024 12:43:42,179538.46,687409.1
3/21/2024 12:43:43,179538.378,687409.506
3/21/2024 12:43:44,179538.269,687409.926
3/21/2024 12:43:45,179538.15,687410.322
3/21/2024 12:43:46,179538.111,687410.714
3/21/2024 12:43:47,179537.99,687411.118
3/21/2024 12:43:48,179537.911,687411.501
3/21/2024 12:43:49,179537.858,687411.889
3/21/2024 12:43:50,179537.785,687412.267
3/21/2024 12:43:51,179537.741,687412.643
3/21/2024 12:43:52,179537.711,687413.021
3/21/2024 12:43:53,179537.693,687413.394
3/21/2024 12:43:54,179537.681,687413.768
3/21/2024 12:43:55,179537.674,687414.131
3/21/2024 12:43:56,179537.691,687414.484
3/21/2024 12:43:57,179537.708,687414.839
3/21/2024 12:43:58,179537.728,687415.192
3/21/2024 12:43:59,179537.776,687415.503
3/21/2024 12:44:00,179537.826,687415.841
3/21/2024 12:44:01,179537.916,687416.161
3/21/2024 12:44:02,179537.997,687416.476
3/21/2024 12:44:03,179538.083,687416.792
3/21/2024 12:44:04,179538.192,687417.075
3/21/2024 12:44:05,179538.28,687417.355
3/21/2024 12:44:06,179538.371,687417.613
3/21/2024 12:44:07,179538.477,687417.877
3/21/2024 12:44:08,179538.597,687418.119
3/21/2024 12:44:09,179538.687,687418.362
3/21/2024 12:44:10,179538.805,687418.584
3/21/2024 12:44:11,179538.921,687418.805
3/21/2024 12:44:12,179539.05,687418.982
3/21/2024 12:44:13,179539.129,687419.211
3/21/2024 12:44:14,179539.304,687419.412
3/21/2024 12:44:15,179539.35,687419.701
3/21/2024 12:44:16,179539.477,687419.972
3/21/2024 12:44:17,179539.553,687420.236
3/21/2024 12:44:18,179539.64,687420.485
3/21/2024 12:44:19,179539.742,687420.736
3/21/2024 12:44:20,179539.836,687420.968
3/21/2024 12:44:21,179539.934,687421.199
3/21/2024 12:44:22,179540.066,687421.417
3/21/2024 12:44:23,179540.144,687421.638
3/21/2024 12:44:24,179540.264,687421.844
3/21/2024 12:44:25,179540.352,687422.052
3/21/2024 12:44:26,179540.445,687422.257
3/21/2024 12:44:27,179540.538,687422.454
3/21/2024 12:44:28,179540.631,687422.643
3/21/2024 12:44:29,179540.726,687422.816
3/21/2024 12:44:30,179540.826,687422.991
3/21/2024 12:44:31,179540.927,687423.17
3/21/2024 12:44:32,179541.013,687423.339
3/21/2024 12:44:33,179541.109,687423.509
3/21/2024 12:44:34,179541.2,687423.682
3/21/2024 12:44:35,179541.278,687423.826
3/21/2024 12:44:36,179541.348,687423.963
3/21/2024 12:44:37,179541.418,687424.127
3/21/2024 12:44:38,179541.515,687424.313
3/21/2024 12:44:39,179541.593,687424.574
3/21/2024 12:44:40,179541.692,687424.894
3/21/2024 12:44:41,179541.8,687425.288
3/21/2024 12:44:42,179541.86,687425.709
3/21/2024 12:44:43,179542.002,687426.127
3/21/2024 12:44:44,179542.092,687426.528
3/21/2024 12:44:45,179542.206,687426.927
3/21/2024 12:44:46,179542.322,687427.294
3/21/2024 12:44:47,179542.406,687427.646
3/21/2024 12:44:48,179542.489,687427.972
3/21/2024 12:44:49,179542.592,687428.289
3/21/2024 12:44:50,179542.66,687428.587
3/21/2024 12:44:51,179542.748,687428.883
3/21/2024 12:44:52,179542.82,687429.164
3/21/2024 12:44:53,179542.886,687429.441
3/21/2024 12:44:54,179542.964,687429.697
3/21/2024 12:44:55,179543.036,687429.944
3/21/2024 12:44:56,179543.11,687430.173
3/21/2024 12:44:57,179543.176,687430.401
3/21/2024 12:44:58,179543.241,687430.61
3/21/2024 12:44:59,179543.298,687430.817
3/21/2024 12:45:00,179543.346,687431.0
3/21/2024 12:45:01,179543.38,687431.188
3/21/2024 12:45:02,179543.454,687431.378
3/21/2024 12:45:03,179543.497,687431.551
3/21/2024 12:45:04,179543.547,687431.732
3/21/2024 12:45:05,179543.592,687431.885
3/21/2024 12:45:06,179543.634,687432.048
3/21/2024 12:45:07,179543.673,687432.181
3/21/2024 12:45:08,179543.71,687432.332
3/21/2024 12:45:09,179543.766,687432.472
3/21/2024 12:45:10,179543.788,687432.604
3/21/2024 12:45:11,179543.834,687432.809
3/21/2024 12:45:12,179543.85,687433.094
3/21/2024 12:45:13,179543.843,687433.418
3/21/2024 12:45:14,179543.842,687433.755
3/21/2024 12:45:15,179543.833,687434.065
3/21/2024 12:45:16,179543.837,687434.356
3/21/2024 12:45:17,179543.837,687434.645
3/21/2024 12:45:18,179543.847,687434.91
3/21/2024 12:45:19,179543.835,687435.155
3/21/2024 12:45:20,179543.844,687435.408
3/21/2024 12:45:21,179543.855,687435.63
3/21/2024 12:45:22,179543.835,687435.853
3/21/2024 12:45:23,179543.845,687436.082
3/21/2024 12:45:24,179543.751,687436.231
3/21/2024 12:45:25,179543.814,687436.47
3/21/2024 12:45:26,179543.815,687436.675
3/21/2024 12:45:27,179543.833,687436.869
3/21/2024 12:45:28,179543.805,687437.018
3/21/2024 12:45:29,179543.815,687437.186
3/21/2024 12:45:30,179543.805,687437.321
3/21/2024 12:45:31,179543.811,687437.502
3/21/2024 12:45:32,179543.814,687437.654
3/21/2024 12:45:33,179543.83,687437.806
3/21/2024 12:45:34,179543.812,687437.929
3/21/2024 12:45:35,179543.816,687438.07
3/21/2024 12:45:36,179543.81,687438.19
3/21/2024 12:45:37,179543.684,687438.277
3/21/2024 12:45:38,179543.688,687438.424
3/21/2024 12:45:39,179543.691,687438.582
3/21/2024 12:45:40,179543.646,687438.811
3/21/2024 12:45:41,179543.612,687439.108
3/21/2024 12:45:42,179543.554,687439.464
3/21/2024 12:45:43,179543.485,687439.829
3/21/2024 12:45:44,179543.435,687440.166
3/21/2024 12:45:45,179543.386,687440.498
3/21/2024 12:45:46,179543.332,687440.813
3/21/2024 12:45:47,179543.289,687441.12
3/21/2024 12:45:48,179543.226,687441.402
3/21/2024 12:45:49,179543.181,687441.684
3/21/2024 12:45:50,179543.139,687441.963
3/21/2024 12:45:51,179543.083,687442.233
3/21/2024 12:45:52,179543.032,687442.538
3/21/2024 12:45:53,179542.961,687442.919
3/21/2024 12:45:54,179542.908,687443.35
3/21/2024 12:45:55,179542.849,687443.79
3/21/2024 12:45:56,179542.81,687444.192
3/21/2024 12:45:57,179542.781,687444.603
3/21/2024 12:45:58,179542.739,687444.985
3/21/2024 12:45:59,179542.724,687445.36
3/21/2024 12:46:00,179542.707,687445.723
